
insert into user_infos (id,clothing_size,country,date_of_birth,facebook,hobby,image,important,instagram,phone_number,shoe_size,telegram,whats_app)
values (2,'XXS','Kyrgyzstan','2004-12-12','https://www.facebook.com/profile.php?id=100076926076401','play cs go','image','alrgiasy kyzdarga bar','https://instagram.com/nurkanowich?utm_medium=copy_link','+996999234554','THIRTY_FIVE','http://t.me/adilet_524','http://wa.me/996508206602'),
       (3,'L','Kyrgyzstan','2004-10-12','https://www.facebook.com/profile.php?id=100076926076401','play tennis','image','alrgiasy kyzdarga bar','https://instagram.com/nurkanowich?utm_medium=copy_link','+996709899876','FORTY_THREE','http://t.me/nurkanowich','http://wa.me/996508206602'),
       (4,'S','Kyrgyzstan','2000-12-12','https://www.facebook.com/profile.php?id=100076926076401','play cs source','image','alrgiasy kyzdarga bar','https://instagram.com/nurkanowich?utm_medium=copy_link','+996709465733','FORTY_THREE','http://t.me/adilet_524','http://wa.me/996508206602'),
       (5,'M','Kyrgyzstan','2004-11-11','https://www.facebook.com/profile.php?id=100076926076401','play minecraft','image','alrgiasy kyzdarga bar','https://instagram.com/nurkanowich?utm_medium=copy_link','+996559234595','FORTY_THREE','http://t.me/adilet_524','http://wa.me/996508206602'),
       (6,'L','Kyrgyzstan','1998-10-09','https://www.facebook.com/profile.php?id=100076926076401','play pes 2013','image','alrgiasy kyzdarga bar','https://instagram.com/nurkanowich?utm_medium=copy_link','+996559234595','FORTY_THREE','http://t.me/adilet_524','http://wa.me/996508206602'),
       (7,'XXL','Kyrgyzstan','2000-10-05','https://www.facebook.com/profile.php?id=100076926076401','play cs 1.6','image','alrgiasy kyzdarga bar','https://instagram.com/nurkanowich?utm_medium=copy_link','+996559290595','FORTY_THREE','http://t.me/adilet_524','http://wa.me/996508206602'),
       (8,'XXL','Kyrgyzstan','1997-12-03','https://www.facebook.com/profile.php?id=100076926076401','play warface','image','alrgiasy kyzdarga bar','https://instagram.com/nurkanowich?utm_medium=copy_link','+996959234845','FORTY_THREE','http://t.me/adilet_524','http://wa.me/996508206602'),
       (9,'XL','Kyrgyzstan','1998-12-12','https://www.facebook.com/profile.php?id=100076926076401','play aviator','image','alrgiasy kyzdarga bar','https://instagram.com/nurkanowich?utm_medium=copy_link','+996999234595','FORTY_THREE','http://t.me/adilet_524','http://wa.me/996508206602'),
       (1,'L','Kyrgyzstan','2002-10-12','https://www.facebook.com/profile.php?id=100076926076401','play need for speed','alrgiasy kyzdarga bar','image','https://instagram.com/nurkanowich?utm_medium=copy_link','+996999234595','FORTY_THREE','http://t.me/adilet_524','http://wa.me/996508206602'),
       (10,'XS','Kyrgyzstan','2002-9-12','https://www.facebook.com/profile.php?id=100076926076401','play need for speed','alrgiasy kyzdarga bar','image','https://instagran.com/nurkanowich?utm_medium=copy_link','+996999234535','FORTY_THREE','http://t.me/adilet_324','http://wa.me/996408206602');


insert into users (id, email, first_name, is_blocked,last_name,password,role,subscribe_mailing,user_info_id)
values (2,'nurislamnurkanov@gmail.com','Nurislam',false,'Nurkanov','$2a$12$cD/vVybmpIXV9vgW4mdsJ.GWOTQ9JPIuj1AscLPaQSgsl0RLT5NQ6','USER',true,2),
       (3,'nursultan@gmail.com','Syimyk',false,'Odesov','$2a$12$L.8HX7N70zwbxhgw3RE3outmnLGIgVlizD6bgkxsQuWLItdZjPsdG','USER',true,3),
       (4,'jumakadyrovadilet@gmail.com','Adilet',false,'Jumakadyrov','$2a$12$exhDiK8fE1KZtgsh1TPh7OblsSmwh7/JN/LlvYA3iF4LneNryzY3u','USER',true,4),
       (5,'eldiarro2004@gmail.com','Eldiar',false,'Rasulov','$2a$12$x.qXoudu3jdc8SkNg3KLMuuyUTH7Ly8Nlb/bNv/sjc9d.2cOcVX4K','USER',true,5),
       (6,'nurmatova161196@gmail.com','',false,'Nuraim','$2a$12$Cisx6qiDTPkmTQ1VT5nnnukPyoKZpAIBS/7XzeobdSBIaKWUwKXrq','USER',true,6),
       (7,'nurisa.abdykalykova03@gmail.com','Nurisa',false,'Abdykalykova','$2a$12$p2A8jzY9iGSu.GpG0BFLM.jMQH8r7bsczOf4JbIy0DmAzewp1OZSe','USER',true,7),
       (8,'programmist00707@gmail.com','Syimyk',false,'Ravshanbekov','$2a$12$hLlrlPOZ8zmSR82irl7xPeS3fmpoHykRkMz.UEjoJYTfpzM/D0wsO','USER',true,8),
       (9,'adinai.sharshekeeva.kk@gmail.com','Adinai',false,'Sharshekeeva','$2a$12$cpWhg3i4u2RUL0Sb70tC5OMUBF5PRUW1qEIJJiVM/ervhmuUagaVO','USER',true,9),
       (1,'a.asangazieva@gmail.com','Aijamal',false,'Asangazieva','$2a$12$a9cpi5sb2U7bhhgh3P4kiexwI.aIRczOeY6SUdtmAQCrfgH36jSm.','USER',true,1),
       (10,'adminadminov@gmail.com','Admin',false,'Admin','$2a$12$TMQHpAfvViIwqb0aQPEJzueRqZvEUzzDkeT039fuP1xTD7i8lwota','ADMIN',true,10);

INSERT INTO charities (id,category,date_of_issue,description,image, name, state, sub_category,user_id)
VALUES
    (1, 'Книги',current_date,'«Отве́рженные» — роман-эпопея французского классика Виктора Гюго. Широко признан мировой литературной критикой и мировой общественностью апофеозом творчества писателя и одним из величайших романов XIX столетия. Впервые опубликован в 1862 году.','https://avatars.mds.yandex.net/get-mpic/4399709/img_id4103982150204587909.jpeg/orig', 'Отверженные', 'Новое', 'Драма', 2),
    (2, 'Электроника',current_date,'Беспроводные наушники Sony WI-C310 синие','https://www.kivano.kg/images/product/87444/full/1609232285_79466800.jpg', 'Наушник', 'Б/У', 'Аксессуары', 3),
    (3, 'Одежда',current_date,'Niyar style Представляю вашему вниманию бренд одежды, исключительно новые модели. Всё выполнено в индивидуальном стиле Шьём в быстрые сроки и в высоком качестве','https://s.optlist.ru/i/54/78/16c4007793e3cf48-5478-1.jpg', 'Рубашка', 'Все', 'Рубашка', 4),
    (4, 'Одежда',current_date,'Boys Chest Stripe Sun Farer Polo Shirt | Southern Tide','https://cdn.shopify.com/s/files/1/2294/8559/products/youth-mesa-sun-farer-polo-shirt-9667_2048x2048.jpg?v=1676045990', 'Polo', 'новое', 'Рубашка', 5),
    (5, 'Электроника',current_date,'СЕТЕВОЕ ЗАРЯДНОЕ УСТРОЙСТВО HOCO C26 QUICK CHARGE QUALCOMM QC3.0','https://softech.kg/image/cache/f4d29a07c9a0b69ba9cd6b03c4fb24b2.jpg', 'Зарядка', 'Все', 'Аксессуары', 6),
    (6, 'Книги',current_date,'На высоком холме стоит очень странный дом. С его хозяйкой, мисс Корицей, явно что-то не так! Она терпеть не может людей, и поэтому в доме не бывает гостей. По хозяйству странной мисс помогают двенадцать обезьян в шляпах, а в саду разгуливают бенгальские тигры. Но однажды в дверь мисс Корицы позвонили! На пороге стоял неопрятный и очень настойчивый мальчишка. Откуда он здесь взялся? И что ему нужно? Пекка Петтерссон уверяет, что потерял в доме мисс Корицы кое-что важное. Получится ли у него отыскать пропажу? А заодно раскрыть тайны странного дома на холме?','https://moreknig.org/uploads/posts/covers/d7/90/medium/strannyy-dom-miss-koricy-hay-magdalena-359029.jpg', '', 'Б/У', 'Фантастика', 7),
    (7, 'Электроника',current_date,'Сверхъемкий внешний аккумулятор Oarmio 23 000 mAh предназначен для использования в длительных путешествиях и зарядки большого количества девайсов. Cправится с зарядкой любых телефонов, смартфонов, планшетов, экшн камер, портативных колонок, GPS навигаторов, эхолотов, электронных книг, фото и видео камер, LED фонарей и другой мобильной техники. ','https://encrypted-tbn0.gstatic.com/images?q=tbn:ANd9GcS8_qNmGALnxvCp0YWpwN182ee3cAo1YPU4HA&usqp=CAU', 'Повербанк', 'Новое', 'Аксессуары', 8),
    (8, 'Книги',current_date,'В Лектории «Прямая речь» каждый день выступают выдающиеся ученые, писатели, актеры и популяризаторы науки. Их оценки и мнения часто не совпадают с устоявшейся точкой зрения — идеи, мысли и открытия рождаются прямо на глазах слушателей. Вот уже десять лет визитная карточка «Прямой речи» — лекции Дмитрия Быкова по литературе. Быков приучает обращаться к знакомым текстам за советом и утешением, искать и находить в них ответы на вызовы нового дня. Его лекции — всегда события. Теперь они есть и в формате книги.«Русская литература: страсть и власть» — первая книга лекций Дмитрия Быкова. Протопоп Аввакум, Ломоносов, Крылов, Пушкин, Лермонтов, Гоголь, Некрасов, Тургенев, Гончаров, Толстой, Достоевский...','https://cdn.ast.ru/v2/ASE000000000846056/COVER/cover1__w220.jpg', 'Русская литература: страсть и власть', 'Все', 'Литература', 9),
    (9, 'Одежда',current_date,'Джинсы широкие мужские','https://img.joomcdn.net/13ac3e05cdae7a01fbff88ef7d8513972bf08961_original.jpeg', 'Джинсы', 'Новое', 'Брюки', 10);

INSERT INTO holidays (id, date, image, name, user_id)
VALUES
    (1, current_date, 'https://contenthub-static.grammarly.com/blog/wp-content/uploads/2019/12/happy-new-year.jpeg', 'New Year', 1),
    (2, current_date, 'https://www.hindustantimes.com/ht-img/img/2023/02/13/1600x900/valentines_day_2023_1676267034832_1676267046643_1676267046643.jpg', 'Valentine''s Day', 2),
    (3, current_date, 'https://encrypted-tbn0.gstatic.com/images?q=tbn:ANd9GcSJlLKCE994s5WD3j-odRAY46uBhyvc6xoeE3Q-zHoxWWkESbgfh-PqzVVeX7it1vPriCI&usqp=CAU', 'International Women''s Day', 3),
    (4, current_date, 'https://assets.editorial.aetnd.com/uploads/2017/03/april-fools-day-2.jpg', 'April Fool''s Day', 4),
    (5, current_date, 'https://nationaldaycalendar.com/wp-content/uploads/2022/08/Labor-Day-First-Monday-in-September.jpg.webp', 'Labor Day', 5),
    (6, current_date, 'https://img.freepik.com/free-vector/flat-design-russia-day-template_23-2148545705.jpg', 'Russia Day', 6),
    (7, current_date, 'https://navi.com/blog/wp-content/uploads/2023/02/Independence-Day-Holiday.jpg', 'Independence Day', 7),
    (8, current_date, 'https://encrypted-tbn0.gstatic.com/images?q=tbn:ANd9GcTcqit2FwVJ-sR2sT7qq-0RHDwi94lm3zw4kw&usqp=CAU', 'Knowledge Day', 8),
    (9, current_date, 'https://imgeng.jagran.com/images/2022/oct/halloween20221666809033978.jpg', 'Halloween', 9);


INSERT INTO wishes (id, date_of_holiday, description, image, link_gift, name, status, holiday_id, user_id)
VALUES
    (1, current_date, 'I wish for a new laptop', 'https://media.wired.com/photos/631bb97dd884b4dcc94164e3/3:2/w_2400,h_1600,c_limit/How-to-Choose-a-Laptop-Gear-GettyImages-1235728903.jpg', 'https://example.com/laptop', 'John Doe', 'Pending', 1, 1),
    (2, current_date,'I wish for a vacation to Hawaii', 'https://encrypted-tbn0.gstatic.com/images?q=tbn:ANd9GcRVuOwrxDw_RbgHYCUKb21bmPIlDOr0kRFnpw&usqp=CAU', 'https://example.com/hawaii', 'Jane Smith', 'Pending', 2, 2),
    (3, current_date,'I wish for a new car', 'https://cdni.autocarindia.com/utils/imageresizer.ashx?n=https://cms.haymarketindia.net/model/uploads/modelimages/Hyundai-Grand-i10-Nios-200120231541.jpg', 'https://example.com/car', 'Michael Johnson', 'Approved', 3, 102),
    (4, current_date,'I wish for a smartphone', 'https://guide-images.cdn.ifixit.com/igi/o4OjCNmNeOhvsS1P.medium', 'https://example.com/smartphone', 'Sarah Williams', 'Pending', 1, 3),
    (5, current_date,'I wish for a concert ticket', 'https://www.shutterstock.com/shutterstock/photos/2021147534/display_1500/stock-vector-concert-ticket-template-concert-party-or-festival-ticket-design-template-with-crowd-of-people-in-2021147534.jpg', 'https://example.com/concert', 'David Brown', 'Approved', 4, 4),
    (6, current_date,'I wish for a fitness tracker', 'data:image/jpeg;base64,/9j/4AAQSkZJRgABAQAAAQABAAD/2wCEAAoGBxMTExYUFBQXFhYYGBkXGBkWGBgWFhwYFyIaGRcZFhkZHyoiGhwnIRcZJDQkJysuMTExHSE2OzYwOiowMS4BCwsLDw4PHBERHDIiISgwMDI5NDEwMC4yOjUwMDAuLjkwODAwMzAxMDguODIwMDAwLjo4MDIwMDAwMjAwODAwLv/AABEIAJ8BPgMBIgACEQEDEQH/xAAcAAEAAQUBAQAAAAAAAAAAAAAABwMEBQYIAgH/xABKEAACAQIDBQUDCQQGCAcAAAABAgMAEQQSIQUGMUFRBxMiYYEycZEUQlJicqGxwfAjgpLRCCVTorLCFSQzRGNzk/FDVHSDo7Ph/8QAGgEBAQEBAQEBAAAAAAAAAAAAAAECAwQFBv/EACgRAQEAAgIBAgUEAwAAAAAAAAABAhEhMQMSUQQTIkFhgZHR8AUycf/aAAwDAQACEQMRAD8AmalKUClKUClKUClKUClKUHylKpTThVZzoFBJ5cKCtSqUEmZQ1rXF7ceNfXcAEk2A1JOgAHWibVKVaYvHxxRmV2CxqLljwty99+VuNxUZ7x79zYglIWaGHqNJWGlmZgfCLj2RyOpPCipE2hvBhoDaWZFb6N7tre3hW55GsU3aBgeUjn3RSj36FQbjpxqLkUdOot+K+48R+hVTTr0N+fk3vHA/fQSavaBgf7Rx/wC2/PhwHPkefvqvDvxgG/3gD7SSJ775lFrc+nOoqkZQNbDjccvrL7jxFa1tPbrOSsIJtxa2p0tfW1jb42oOjMHtnDy6RzxOeiupPThe9XckgUXJAHnpXJ0iyMfFmv52I/PrWe3e3zxuEK2leSNWB7t2JAtp4Cb5NCeGmtWJd64dKg31FL8q1ndXe2DFwLJEbBV8asQCjDip6kWvpxDCs9Bh7Ozg6PY2trcC17+6mkmW1zXylY7eDay4aFpTrbRR1Y8BWbdTdbxxuWUxndZGvtRtht7cbLJaNQ1gWyjjZeOtwOfT0r3jd8cUyCRECxk5cx4FrZrAK17253I93CufzsdbfQv+M80ymPH7pFr7Wpbm71NO/dS+3YlT1txH6+J5bbW8cplNx4/N4c/FncM5qvtKUrTkUpSgUpSgUpSgUpSgUpSgUpSgUpSgUpSgUpSgV5ZQRY16pQeVWwtXyQAgg2tbW/C3O9e60Ttg3gaDDCCM2knuCRxWIe36tcL7i3Sg03f3e8YybJEf9XiNkt886Xl+zpYDprzsMFHN+vPmPcaxI8P65GvQn/l8OFBmFnHXT8v5qa9HEfH8+foRWKXEfz/I1Sx2Kyofhxtw5j3UFSQy4zER4SHVpHCc7aXuXHRACfQ1c4/ZXyWSXDSDxRsUYjTNfUOOYzKQw6Aitq/o+bDzyz41xfJ+xjJ+k1mkPvC5B+8aq9vmze7lgxSjSRTC/wBpPFH6lS/8IoIznwGU6YgjoGOv+IX+FXWFiGWzOHPUAD41icWQ5uTYjmOlfMMuVgwc+7r99Bt+5W2FwONilcAwswSW/BQdFkHmhN79M3lXRI8q5QnxGYEVMHZFipcfghFJMwTDkwlUJDsps0ZLg3AUeEdQtWc91nLjmTdbptzeNIGyAXbQuScqIrG12a2p6KNTWC31Pf4RJYmUpHKM+UnJ4rqWzWvlBkBOhtr012JN2MLYBolci+rgMddelh6Cr5MDGI+6EaiOxXIAAljxGXhY3NM5jcfTF+Gz8nj808l1qfZGO6bjDzmWTFYZgV7sJHIWa7sl9Cov4Q2te9p4VY8GuD76OKSOQyDvHKggvOvEA38IXSqG+G4zYdjJFmMN7hhqY/KT6o5P8eptxs6baeKaTILnIDYkxxhVAuzW1vbNl4m/w8H1Y/Rrn+e36uTx+Szz/M47t4mrOpr9ayfZ/s92xitnjkWNWdniYst2uiKSQPEbsbfVqULVi929iR4SIRIOd2Y8WY8SfwA5ACsrXq8eHpx0/P8AxvxHz/Lc/t1H2lKV0eUpSlApSlApSlApSlApSlApSlApSlApSlApSlB8pSrbFY1I/aaxIJtqTYcTYcqSbS2Sbr3LmAuoubjQm2nO1QB2obzd7tGfxjLEe5QC2gj0e5+2X+6pv2rtfucpsCCGc3JFkQZmYnl4Q3HiQB1I5hwTQzPNJiZCrNdwVuSXZgW0sbjU8/Q8rZpMcpbdLyLeNV+Yj/aF/wAVrJYXe/CnSXBxsPqeA/FSprXNs4WFCncuXBW7XINj6DS/HLqQLXNyQL/d7dpMTDJKcQkRRlXIylmINrvobhRmuTawAJ5VGm34KLZOKssUkmHkOgUtmUnoBJqx8g1a9vHsZ45JkS8qwKjSOosFDgEFhc29L1rGEDEm176WtxzXGW3nepEhw5kwTqSc+OxsOHDcyikG/wAcwoJa7Mdj/Jdm4aMizMglfrnl8ZB8xmC+lY7ts2f3uypmtdomjlH7rBW/us1boq2AA5aVG3bjvXJhoVwqIpXExSqzEXIAyrZRe3zzr5UECs968ZfOvXdedfUQg6Gg9iXzqUP6Om0cuKxEHKSISDpeJgPjaU/CorKGs5uPt+TAYpZ48lwrKRJmKlWGui630BHuoOqqpGZc2W4zWva+tutq1fs63yO0oZpGQJ3cmTTmMqtci5txPM8Ks97sQuChk2hI8hfjHGCFVixAjja2pUWUnXgp62qyT7sZZWWSTbaNsbcw2FUNiJo4geHeMFJ65QdW9KxWw98tlyER4fEwAkmyC0d2Y3OUMBmJPSueNtSSYmQT4rFIZJVz+MSkhSSABlQqo0NgNBVkNlhlYpNG5RS5UCUHKLXtmQDn1rLfqddV9qHuwjfiWVjgMQ5chS8DsbtZbZoiTqQAbjoAw4AATDVClKUClKUClKUClKUClKUClKUClKUClKUClKUClKUHysfteFShcqGKi4vwNtQD/wBjxNXsoJBANjbQ8bHrarbFQgpaRrr869hfUEcPdw51ce2M5vGxq+/18Ps3GyuwLPEycALd8e7C35gBwB6+kD7nTYZJJHxIVgsTmNWBIaTTKLWI4ZuPlUzduuKZNlMrEEyzxoLdBeQf/XURblbtLiC80zZYIrFrXLMeIVQuvvtryGp01N3Lhx81ww8N9Vsn47/T8s1jMBhsXh8JImHWFpcQsXgtcpqGOgAJuOmlvOqW8GxcF3GMeGJkbDyIgbMxBJYKwszG4sfI1cbP2tJitpYaPuzFDGWMcZXLYIrWYjroOGg4dSbPaWJvs7Eyf22NNj1HtX+INdb6bLf7xP5fNx+ZjljjuzmXW98XK8X34jVNkpd1+0D6L4j+FStuxhc2I2LBxAE+KcejNEx9dPXyqLNl6G/RWb/L/mJ9KmvcvB/1yF5YbZ0UXuYlbfcTXnfbShUO/wBI/Dn/AFKS2n7ZCfM90y/g3wqYqstpbNhnTLNFHKo1AkRXANrXAYaGg5LK15Ir4rtbj9wpG1yAWVRfUsDYeZygn4CgV7gOteJRYkAq3mt7H3X1+6snuls9cRjMPDJcJLKkbZTZrMbGxINjQSb2DGRo8VGhCjvIWZjrZSHBCj6Ryjy9/A5Pt9nDYBY1bVJkdxp7NnQDjqbsOF/Oti3R2XFgmMUUAjRit3UFsxygeOQ6khhax5ubVdbe2aJZDC9mixCNHIhA4BXOZedwzA3BuCRW9fZxme+Z76c7SYLv4o5EdVWJFjlL5lCG7sDcA5geQW5vyqtgME0AZ0Z2Z4ykeWKUFmaxGUsoB0BPurL75dleOwbt3UbYiG/heJSz25CSMagi/EAjz5DFbv7u7ULlcPhpwWBVrxlEsfpNIAg48+HKuenSy6bD2cYZm2+hUaIZXe2lh3bKb2+swHvNdCVpHZb2frs2NnkIbEyAB2X2UXj3aE6kXsSeZA6Vu9VZNR9pSlFKUpQKUpQKUpQKUpQKUpQKUpQKUpQKUpQKUpQW2OUmNwvtFWA5akG2vKsZhcY7WJGaw0B0YHmSLeI+7zrJ4xrRueik8SOXUaj31iMJIrIGVBmGllZXAA+bccRxI42JNbx6efy73NVGvb3jW7iCMn/aTPKB0yLl6/XFRrsLb2JgskJ9pgQuUNdzYCwtcngK3nt9c99hwbezKwHMAlQL6/V+6sX2bbICSQYiQAyTSd3hkPRf9vOR0RQwHVvjTK/VuLjhjl49Zzc/PL1isRtU7QijypJiYkJCplyhZBchySANCOY4irDfmTaCxxRYuBYVzMy5LEMwABzEM2oB4aca+jH4rF4/FLhAGOJzxFrDSAEC+b5i2Vbn3c7VR36xsYXD4SKXvhhlcPJc5Xlka75b8QLAA+lPVbLymPw/imUsxks646Y/duAPIifSaOP/AKji/wCFTd2brn2ntaXkGw8Q/dVgw+4VEnZ9hs2KgH/GiPol2qXuxpcy7Ql+nj5/gMp+HirD0JAqjinyo7dFY/AXqtWL3rxHd4LFSfQw8zfwox/Kg5RQaD3ChtzAqoFtYdK8wBkbMkhVuq3B146ig8AdK2Ds9H9ZYM9JlP8ADc/lWEdmYksbk8Twv8K2bssw4k2phEPAtKT+7G5/KiXrh0NtLBM+qEA879RYgjQi+nG3ToLY7E7YCnUZJEOVgzaMoBJuelwLE82H0rGthsX3byBzcJYX1zEsfAAo0JIa2g5eemn9p+NkwuCkmuRLJaBCTqplF5WUDTNkQjMDpwFdJJO3C23/AF4tXO9nbFg8IxijVsRIujBCFRW+izkG565QbajiLVhdmdvsTPafCPGn0o5BIR71ZV/Goj2JgopWcSyd2Fjd1N1GZ1HhQZyBcnTjVfaO2+8wsOHAlHdEsS0udGJuLqhQFABYABrDXS5Jrk9DqTYu14cVEs0Egkjbgw+8EHUEcwdav6597AtvtDjvkpY91OreHkJIwXDDocqsD106CugqoUpSgUpSgUpSgUpSgUpSgUpSgUpSgUpSgUpSgUpSg+GsbidixvwGT7Hh16kDQn/961kq8O4AuSAPPSrLZ0zljLOXPnb0xXHRx5s2SBdTa92Zzrb3CqGxu0DEYRTDiIx+yhyQjugCJAAI+8JYHJa97amqvbHBm2xkL+0IgWIBsHOmh0IAYfCvuIEkmdFmjtKjg5VD2TxRgSMJNLEKC2W4LXsQNFvJJPTrTxsHb2z/AJEYJZpoZpmZp3hRQXuzWQtYnJYjQW58ib6TtJYhK4hLNGGIRn0YrfQkWFr8a9bRwPdTNFfNlNrkZeV9Rc248Kr43AGNEuCCzHl0tcE/S8Q05XF9TQ3Jde7auy6P/W4m5LJKx/div+NqlPsOT+q1f+0mmf8Avldf4ajXs60eRh82DEP6jw/yqVux6EJsnCgc1dv4ndvzqNNvrUu1jFmPZk4AP7QCMnkFc+MseQyhtepFbRNKEVmY2CgsT5DU1zTvTvNitrzyNnyxIHeOInwJHGCxJUA5nyqSW9OgoMRJg6pnDGmLxvhIDo2ltLjT1AqzweJytc9OpoLowVtvY+Cu0g4QuYoZGAF+LWS+gNhaStMxWOJtl061u/YbtiCLHMJmyvKgijY2yliwORjyLWFup06VZ2mW9cJU2uZZXjK2zMRlVSAwIUZyGBYWAkbXlerXtn2E0+y2CAs0DJMAOJVAVc+isx9Kz5kVcSt7C6PfjcBct24W5gXvwvV+cdGQczKBnMep4sOWvPyreV3qOHikxttrnLZe1sN3MSS9x4QAyOZbeDvcrBVw7AOTLmJLOGygEch82g2z5SpLRplvfu2kjzXta+XBW0seV9a3ba3ZFFinkOFlWGRSS0ZU9yczMFKa5kHhN9CDyAFqtNmdguILDv8AExInPugzsR0GYKB79fca53HVd8cplNxadkOyEm2v3sItBh4wSQzMCzR90LsyIczMXb2RwNtNTPtYfdfdvD4CEQ4dMqjVidXdubO3M/cOAsKzFFKUpQKUpQKUpQKUpQKUpQKUpQKUpQKUpQKUpQKUpQUpmIUkC5AJA6npVg2GMy/tFKFWumViDpoCQD58PwrJ1ReVQctxexNr6kDifdrVl10xlJe+nM3aLC77TePQv+yjGtwSVUA36G9/WsD/AKNuLrLC3lnyH/5AtvWtg7UVcbSnbW5KMCNDooAOnA6cq187XlPtMH/5iJJ/jU6+dXLunjmsZr2VcPg5lIKBWINwEaOVr9cqknTrbSvOLxskrqJPmeALbKFtxGXkb3J5k3Jqn/pC/txRP08Hd2/6RW/revEmILyZza5PLQdAB5AWFZ21qb3rlvW5ZywYtua4PEn4sT+VTN2bpbZmCH/AjPxAP51DW55vhcf5YOf8WqatwB/VuC/9NB/gWisrtCDvIpE+mjL/ABAj865J2bi3haQLoXjeJr8Qr6N66W9a6+rnTta3ZTCbRcxkFJx3wQcULEhgfIsGI9Ry1DRpoLC9W4FZSUqvtc/Wvs0glcu7Z3biWvc201PPhQWr4JgSDoQSCOhGhFeJIXjysQRfVT9k2uPcRWREdq97f2nFJDhYY1YGFJBIzWGZ3kdzlsT4QCACbHjp1Cf9yIDicPDi5mzySxoc19QQNVXkqghjYcbm9xpWameGFpJJDbIneM76hEAscptoPDc++sf2ZYJ4dmYWOQWcR3IPEZyXAI5EBhWt9vuPCYDIo8UkkaMQP/DOZyL9Lxj9GtXK3tzmGM6aNvX2v4iSV/kIGHjJtnyq0zgXsWLAhBrfKo0JOpuao4jfva2BdGOLaW5YMssd0JXLmALKCyaizKR6c4+FbVvDgBJoijvEL5VVbEwrJLGAFHtFO7BvxIY3vlrFvMd8cJcbpOnZzv1FtOEkLkmjsJY73tfg6HmhsfcdOhO21zX2H4x49rwqp0lWWN/NcjP/AIo1PpXSlVgpSlApSlApSlApSlApSlApSlApSlApSlApSlApSlB8tWM21ipI1VkAPisQeY6eWgOvu0rJ1bYkI/7NrXIJA52Glx8as7Yzls1LpBfbHgsmLjkUkJLCuW/PIWF/gyD31pRhvxVT+ugtU29tmwQ+BjlQa4Zh5/snARh8ch9wNQq0J/Wvl69PP3il7axmppQbBL9A/ePyr58lUcFIPqauA7D/AL/DX8Dz4HWvLzt5/f62H4rxqKzO7G1EgjxUcmZRLhZYU0JJdrBR95NzppU9dnrA7NwVv/LQj4IoP4VzHLL+uI9DXRPYziu82Thuqd5H/C7gfdag3Kuce0TavyraGIlBuit3KfZi8OnkWzt+9U2doO8HyLBSzA2kI7uL/mPoptzy6sfJTXO8S2AFBX2PiI4ZkmeFJ8l/2cl8hJFgTbmOI86y239vYbER5Y9nQ4eS4JkSR3IA+itlAJ6m+nxFru7szZbK/wAufEiRmOVolTu1Xle5LM3pYedUNpYTDxyFcM8skVhZpgqsTzsF4Lw42PGgtMPhmkdI09p3WNb8MzkKv3kVOOw+yvZ+GkWQRs7obqZGLANya3MjiL6A2NrgGo67JNld/tGNiPDArTN0uPDGPfmbN+4anV26VZGMrpiZcY0Gays68tQNdTa/TUcevHgK1vfnZU20MJLG+RDGrOPHmsyeJbKl73ylSTqLmw41tcmG79gD/sl4j6bdD9UfefL2qh2RHnRxcFC5HMeMqze1e2qjhwBI51u2ezjjjneZeHNJeSJFh744WSNnEqN3qEsTcN+zQ30016aaVXh2qndukmLZ2dXGYmZ4wCFUAq4uT7RBtpYa1P2+G7GzsSveY2OIWFu9Zu6YDkO8BBI8ibVru7m5G7zSXgMGIccFM/fD1jzWb1BrlZK9k8ljWOwDdCQyHaEq5Y1VkhuNWZtGcfVAuvmWPSptqnGgAAAAAFgBoABwAFVKrBSlKBSlKBSlKBSlKBSlKBSlKBSlKBSlKBSlKBSlKBXnKL3tr1r1SgttoYNJo3icXSRSjDyYWNuh1rnnamxGgmkgf2o2KHTiNMptroylTa3MCx0Wuj60jtI3bE4E8YvKgsyji6C/Dqy3NuoLDjaghx8D+vfp5/nf69tLabA/l7vLn14a+5vm1sywKw6/q1iPgLensravjYC/658OOlyeF9LgXJC2FBpG0MIQCeh/Q9/kbNpzqZf6O+PzYKaK9zHPmt0WVVI/vK9aJitlacOVvTly4dBax5JzrFbE2tPgJJ4I3KLiFEbMPaCgkrlIPhYglb8RmPA6gNq7VN5PluJ7uM3gw5ZVI4PLwkcdQLZVPkxGjVpmIwzNlUMEBYBmN9B10BOnHSrx5o08JZQbcNNOmlY9MLfX5QSeoP5ZqDJYzYuHRS0O0O8I4I0E6sT9plCW871aM1q8RqVFi2bzNZfdDYXy3EBH0gQhpm4eHlGD9JuHkLnpSTaWyTdSf2N7E7jBnEOLPiSH14iFdIh63Z/3xW0Y3EsxEURGduJJ9hBbMx6nUWH1hVtgZGxFxGwRFsMy8hyVF93Xhpp1yOD2UIybOzLawDasL+1ZxY2PGx4HhYWFdOMf+vPvLPmdKGzMLJAGaaYuttbgZQbm2RVW6ixAtc3/AB8b5bwrgMM+IZC6oOAIHiOiDrqxA04C5rLCBQuQXAHQkHrxqP8A+kJG52YpX2VnjL/Zs4H94rWLd3bvjj6ZpCW8e8OJx8xlnkLsScqj2EB+bGvzRw8zzudapYfZ7ZTJmKslyNCCCoBBJuMt+AOtyK87GJzG2gsC0nAog9rKeRPDqeA41kdpY7whwEkW4ALZrq4F9FNtALC2oNlJuay9PjwxuNuSVexHf6TFZsHiWLyomeORjdnQWDK5PFhcG/Ei9+FzKtc09i4dtr4ci+nes5H0e7cEnyuR91dLVXApSlApSlApSlApSlApSlApSlApSlApSlApSlApSlApSlArF7VgZhpWUryVBoIv3i3XMhLp4JOo4MfrDmfPQ+dapioMXDo8JYdU6e4+X8qnZ8Mh4rVJtlQnig+J/nQQIdu29tGX3gjjxN7ceV+lY3bEkGIWwYBl9kjUAaXUC9gNBr610HNuzhW9qFT8f51ZzbhbOb2sMh9W/nQc1vOym0ig/Wtf7+dBikGoAFdFns02Uf8AdE+Lj/NXuDs42WhuuEjB6+In7zQQNu9sabGOFj8CfOkYHKB9UfOPl94qdt0dgYaCBYYkNhqXJOdnNrux5toOVhYW4CsvDu9hk9mID3Fv51eQ4RE9lbepptLN9qeDwSx5rEksxYk2vcgDkAALKB6VWw6sFAchm5kCwPpyqrSrskk6fax239kRYvDy4eYXSRcp6jmrDzBAI8wKyNKiuZN8tycbgB3TQs8QZm7+MFo3HzS9heNgLjKx62vxOAweExGKZI4YnkKgKqxqzW6k24XJuTXXNfFUDgKLcrUfdkPZ62z0aee3ymVQuUEERpxKXGhYkC5GmgA5kyHSlEKUpQKUpQKUpQKUpQKUpQf/2Q==', 'https://example.com/fitness', 'Emily Davis', 'Pending', 1, 5),
    (7, current_date,'I wish for a designer handbag', 'data:image/jpeg;base64,/9j/4AAQSkZJRgABAQAAAQABAAD/2wCEAAoHCBQVFBgUFRUYGBgYGxoaGxsZGx0jIB4gGx0iIiQeJCQeIi4kICAtJB4kJTclKy8wNDQ4ICQ5PzkyPi0yNDIBCwsLEA8QHRISHTUpIykyNTIyMjIyOzIyMjIyMjIyMjIyMjIyMjIyMjIyMjIyMjIyMjIyMjIyMjIyMjIyMjIyMv/AABEIARUAtgMBIgACEQEDEQH/xAAcAAEAAgMBAQEAAAAAAAAAAAAABAUDBgcCAQj/xABJEAACAQMDAgQDBAUJBQYHAAABAhEAAyEEEjEFQRMiUWEGMnEUQoGRByNSVKEWM1NicrHB0fAVJEOS4TSCorLS8RdFVXODk7P/xAAXAQEBAQEAAAAAAAAAAAAAAAAAAQID/8QAHxEBAQEAAgMAAwEAAAAAAAAAAAERITECUYFBYXES/9oADAMBAAIRAxEAPwDs1KUoFKUoFKUoFKUoFKUoFKUoFKUoFKUoFKUoFKUoFKUoFKUoFKUoFKUoFKUoFKUoFKVS9f6/b0ttmbzMB8oMdicnMYFBdUrmvSPje9rA4tqwdWjbbQsApUxmDLbonIEelZ7vXeoWtu+2w2qm92tts9CZg/lI57UHQ6Vp2h+NU2g30KKTHiLJUSe4PmHbjd64FbXYvK6hkYMpEhlIIIPcEYIoM1KUoFKUoFKUoFKUoFKUoFKUoFKUoFKUoFKVh1F9URrjYVVLH6ATQVXxD1dbCQXCs4O0yAe0xIMtnAg+9ar8N/Dr6gvc1DG5py7G3v3eJcUSAzE9oJzEnkGIrBovF12p2MZtkl7gJkbeCgEY5CDuPOeZrpKqAIAgDgCisel01u2oS2ioq8KoAA/AVnpSiKDqnw3auSyAWnmdyjDH+sBE/XnNa1oOo39JfNt0MkqXTcu1lYsPEtkkeYRkYkYORI6JVJ8S9N8a020frFB2xyQYLLyOYEe4U9qC2s3VdQykFWAII7g1lrQvgDq5DNpGLFYZ7LMZLBWAccyDLBtpzk9oA32gUpSgUpSgUpSgUpSgUpSgUpSgUpSgVqvx/wBUWxphIJ3uoIHovmP/AJQPxraq59+knULcttpkb9Z5QFBz5pbIHIKqT7QSaC1+BNJFu5fIg3rjETzsUmJ+pLH8RW2VE6dphbtJbH3FC/iBk/nUugUpSgUpSg5P1XTvo+p278xaW4BE8JchWIHcDxM/2e/bq9ar8VdLtXHV7ig7goE8FlbyqfUEtx3itj0d4PbVwZDKDP4U0SKUpQKUpQKUpQKUpQKUpQKUpQKUpQfK0K/dR9e6oebqLczkkBFj1japxx35rfa5x0DSq2tS6pMPcu3YI/aVzunnkgAcAE96LHSKUpRClKUClKUGr/HGiS5ZRnuOgt3A0oQJlWXbnmSwxzMRUv4RuA6ZVC7QjMgGcAGRzng18+MdJ4uiup/Yb0na6sR7SAR+NQvgZStu4pIYbwZDEiY2nDZX5eCT9TRW10pSiFKUoFKUoFKUoFKV4ZgBJIA96D3SotnXWnG5LiMMiVZSMc8HtWQ6lP21/wCYUGalYftKftr/AMwp46ftr+YoPt1oVj6An+Fc5+EbNy31O5ZG7wrdrcu4yYO1RB7iQ3OeatfjH40t6c+Altr7kDxNhO1FbsSAfMwmF9MmMTq3Sfju3avozae4qtKXHYeYKSu18fMRAkHtxnBK6/So/wBstxPiJHruEf319GqSAd6weDuGaIz0rCt9Dw6n6EV9a8gElgB7kUGWlYPtdv8ApE/5h/nX37Qn7a/mKDF1C3utXFHLIwH4g1qH6PupJcBK3EYuocqogrEcieSDV98QfENrSW95/WOSVS2pG5miY/qgdyePckA816T8SW9DYtkKhcKQoQEIcTteMq543EEgiYIxRXZqVRdA+JNPq7IuowXsyMQGUjkH1HoRg1a/a7f9ImP6w/zoiRSsH2lMedc8ZGfpX1r6ASWUD3IoM1Khp1CyzbVu2y0TtDqTB7xM9qmUClKUHyqb4lANpVYAqzqpB7gg4q5rWPjnVNbs2nU8XlkRMgK5IwD6TPaKDl/S3VbbW0UlvEuDcSCq5aNqxyQsEzIExVrdS14aW7kea3JYwRtWQBBIAIIMwD93MTVV0Qo1olfI5e5BzOSdqkdsx37Zmomq15tt4ZlnAKwoZQd4YgbBEESoxk5M5ElQOraVgSbaAIoCkKCB65Uwckn8q2FLotWxNsqWC2xCt95SxKblIkEcD1J9IqtOJ3KzHzk3LjEA2xBkqzZ2rAjcJ7Rxj7cfURbQrt8yIjKFBHYMg5UDAJEDBE+bGqiy6XeIUXLSAFolXCw6Ex2ggmDDEcRkgAiVfe4wby2fDltwbdvCyQCTwMATI5mCeKpk0LshYl7krsuMi7wJJJMrK4bM4OfUkDG6TbCbg4LYkEMpKtDGJABCjzKSDBmYxlVsti34iK2xxbQOARClzO6V7H0B42x6mqjpzKzjxy4JHlW0NothfvQIA+gHf14k6Ji9wGZNyFwD5iX2bsHABucn0GBXm2jpdS5uCq7gSdu1lySSO0GcxHocYomaTVAEWw2+CuxlBUOGByP4qR2Ifj7snTO5S4HVgQDA2rtYASACFAacQIMSZBiqnT6geJC2w77rmy3tMjxHkn5gFX2PY5ias7umYwUUFki2zKGHmBDv8pkKNwUNk8jJOYM15NOFB8EK33oXM+HkSZLZYCJkfga0+5fuLuRZCnHywSskDkT+HbNX7dGFy4zX7rM+TAWFHsACfLgDtOBjNR71i01sIjgujbcKV/ahv7Kgz+XM+bUyJUF+oIbQW5bBcKVViCQQQsctO6DM9hA74t+h2lvWDZZGZ2AYbEEhFkSWJCggoDk5AI7zS7pBftF227gJVljPykgwSABO2RkiOQREz4SD27YYrbccMLmI3btoEz5vPJxw0Tilswisb4fIVSHO9CyghSIKy5DD7pIbBmCYEndWfQaE+GzXlRFwXACkFkyGGzAYgwVzmWMYqwu2dzsrsg2kkqkgACFEbSTKghQoEkt7mKrrmrZFBBLFyzKSSRbGMgA7VaW/rRIIgkVNtXpn02u8G5NxCgRiASpIgj5VJ+Ug7ciJx2ANWtu3e1KyloIkb0V2jecRgTjvkenNTOo65U271BtuoK3EJO6VE94Bz2bsfSob9XbehXKJtA2q37P3gpMZIHBjJntWVazoNK93UPsHmDKqkA4AMTDQQNqTmD29j+hq45pWf7XrGVoCm0SACs7VnmZ9onM5xIPY6uo+0pSiPlav8f6bfpRAkrcBHqJRlJHvDH/WK2iqP4ov7LaHbuBeGwTjY57e4A7zMQSaDhyI6232XW3eKyhDHbmT6mfxzUgpb8dfFXepXaCeJJIHEn7jbe4k5O0V60t5Ve6210Z7lwodtuSFbhdxw4kyM/wrPYuC4X2ecpjO3Aw2JOFlOeZb0xWhGtdM8EbwpdwZQEGfM4C+XgyvPueIUz66fpbu53cBChMKG53MoZYUncFTcPXzDOBE9+okuswrtA4EHfMEiflWCCZEBQcmK8WUt3G3bnvzLlUGxRLHyhNxEtkTHm4kEiZtVK0GkuXlA8NPDGQzh9u7LNcK4N1yxwI2rmD3MXqvSha8Nt2+SylXcAuSMMPMu4GeJmRySTNrY19x2UKNqQQwbkR2BIlSOYOee3NDrbD3bAtkFrlpmAMGHTdAcHgAzgdwh9Kk7EvR2C91GuFLYQhVAA/4Z8tsAMSDuJZixBbaB2Jqx6rpGS2bltVZ1ZNoNuFAJ2CZxtAYxJwJqm0btY23BeHiAFbjeVgu35RugjfBgTOASATAqVc6l9o3C6WvpbUMbaMU9AeESTnAAJPYr3WDP0/W21sLeDbbrsyXDlvEYEmZ5AK5BEKOPaomi01trZuW0uJNxU3h3QsSwllO8g7ZmSPXvxaWeo6J+bGycKx2tnbERP3QYz6498F4WFuG4LjOzqxYW9hKgDbILiQOAsAxxJFQY9U1xrSOS+1tzI7GfJJUScsZ2hwT2ftJqrv6W4iLc04DAqVOd2MCVkyJAggExMYmKv7XXAtxEA2WyCm12XG0EQDAAABWc9gZMQY9tVtW1KMPBGz52kbDIBPbzE/lPYAVZRE6XfeNj4Z8icHxB96AfZ84ny5xNeGF5A13w/J8zETyTgAEzMAH3kGMms/QuqKWdmts5DbVZQJg4xJHmIiT5YB9MVZdR64gIt7QNlwB0iY3qSjAggcgAkdm7g0vYqdMjXHJDMB5WLTAdA54PJEypAzJ7176fqkN5lvbmh2hmiAwO04YYEOAPSOM1YaZLdu2Utsysx2IGKgqNxcgFsMwYmI3TH41UvYFtWK7+XLGQXncoY7gZZiM42jOczQbFoPD8OLYD2wS8OCwUjMjGBGYHBYHPf5d01hiIYWHZGhZUpgwQT+Kg7YEQASK1w6rwDcMh1YAX1RiBFwRuQkyjHcp9pjG2KsU1Nq6hB/4gcLv7b1wpKtIBBGJ9DzzMV80Fi4l3VLcdZU2dzEyCNjQCceiy2BIrtlfn/pGquB7wOy1v8OQAHyAdsSxkRM8jM4FfoCqyUpSgVr/AMXsRZUj9sYmJ8jYOOK2CtV+P9W9rToyWXuk3Qu1ASR5HO7AOMRx3FBzjouhttbuM6hma5cG3BAhiDErjGJ79uDE/RdKt2sKSVg5ZpjdjEAdg35n6Cp6JqNSLbeHo3dd9ySJ5LElY28g4Iqy+0639wue2Wx/4eff8KlVi1Hw7ZuMzsX3ExhhJhQJyPYyZ+uTXi38NWkhld5jzQwiO4Mr6kfkPY1nOp13P2C5OP2v8B/dxQarXfuDx6Z/9NXb7EtenWw5bzfd+9AJUYhY2kxGYkfSsdnp1tSbkTcYsZJEjP08qxgAduJ7RxqNd+4XJ9Zbt/3fz9ZJ719bVa4//L7nM/ez/wCH/wB6gkavpyXGHmZUjzBSNp3GRgqd2Z+vA9BGvdBttG65clCAolc7YMkbYOZyZ7DFevtWu7aC537mRPp5cV9Go1/P2B5+p/HEceg7U+j23SrZtqjM0bTPmUCD8xJ2/NuO6Y557T90vRdOjAjdCRAJ5JySBHJ8vf7s8ZrGt/X/AP094xiSBP0j8vSvh1Gv/cH9jJn+7NPozDpNklHO4sm4KNx5kksYGGgRI9iOJGHVfD9m5ANxwgAPzCPQEeXOAR+OOIA39fwOnvmZ8xz9cZ/xp9o1/wC4OR2yZE/h/H6DsKfRmTo9pUNtC6AyvlIltwGWMe0GD2j2OS/0y1cZ2I811QrtPyBfQkYMwZPEDjAMb7X1D9wftkEjt9P9cV8Go14x9gf6f5DbT6JB6TbI27nERtfG7LboGIwc5EjJxk1mGltgZQMxYmCeDJYkkEEA8xn1AiarxqNfz9guT2Mt+HK+n55Pc16F7Xx/2B+Z5P8Al+J9Tmivep6NadfDG7Z8xIOSVwMxnv7sfWBGK30C2EwzmAQBKnDDE+XABPqeAO0V9F7X/uLxJIyf8uPb6elfTe18f9gfvPmOZ9cf64oMGi0+3U6gJddf5s7gFJkhu8QPTtjHMV2yuE6K5rBfvldG5c+HvST5AAY49cn8/Wu7VWX2lKUHyonUflX+1/gal1Wda1SW0U3HRAXAl2CidrYknnFS9LO2q/BB/wB3f/7+o/8A6NWxVpnwj1rTW7Tpcv20bx75hnAwbjEH6EGrz+Uui/erP/Otc/KXWlvWtfHN1xZtW1dkF3UWrbFDB2sTIBH0qd/KXRfvVn/9i1S/FHUNLqLSi3rLCvbuJdTc42lknBjMZp4y6VB6rZfQnTeJfdrI1e5ZLFlt7Moe7ZzFUo16vaR7ly4LLa+9uKs4bwzbBAxmMjFWi6lXNi5e1+md01IvOBc8qIBGy3Ik/wAKx6ZLAZN+q0pUay9fYeJzbuJtA4+bORx710R66Zfvm3oTvc7r+o8IuxlrYtsU3Tznie0e1efhvSLduLbuai+l1kuDVWbpcM85DWzwIIBkSY9K+aDw0GmttrdNs0128VYXfN4dxCFwR84LcTHvWXpmr/3mxd1Wu0rrphcVWV/Pc8QES84EA9vT8alEEaEJoNbeV7m9LlyypNxsItxIxPzY555q66r1V06rp1BPhoqW7mTG6/uie3ZSKiOtttBqrC6nTl7t53Ui4Sqi5cBUMQuGO04jmouu0Fq4dRfOqtC+11WskXG2AWgph/L84UEnmOe9P6K7rfVnt3Oo2izRcY7PMcOlxTA9JUn8hXWbfyD+yP7q5l1nRWbqandqtMty5eW7bm4cKVIIbyTlWBEAzArd0+JtCFA+02sCPn9qnlzmEaP8Ol0GmdbjzqLWsFwF2Kt4e4IQCYBEf6zWMO922u65cHg9PF63tdh+sDHzGMk4/hWboiW7Zt+LrdLtsW7y2wjkktemdxI4k9vasb2ba27a29dpAzaYaW6GZiAu4nchAyc944/LX5Hnrmt3XCxuXftD2NI1nw2YTccAtIHlz7/hXVbO7au75oG76xn+Nc319nSuLqrrbH81pktMXMh7E+YwMSDyJ5NbdY+KtHsXfqbO/aN21jG6MxiYn2rHlFi9r4apv5VaL95t/n/0p/KrQ/vNv8z/AJVn/N9Kj9KA+267122P/I1b6K5bofiDSrrdVcN9Aj27IVpwWXdIH511FeK6eMZr1SlK0yVq3x50+3esIl0EqLoYQSM7HHb6n/WRtNa58Z3tllP61xVEzyVaOPfv2oOX9A6VZa0Wa2DL3ACRkgMQBPqAO3v6VZf7EsSf1Kz6EHGMHn8+e8zVP0/qVy1YYlJTxHBXcQSN+RM+5zkyOeZt+oa26XR7FtzbdcbwysrQCQN0Tg4C8w0cVOVD0bTf0Sx3OcEdiCf9eteG6Np+1pe0c5zzzP4f519savUXXVEZFLFtzQ5ICgSCCdszuHJ5GOIh9a1d/TLs8VbruwCBVPlCwZOT5/uwO2T2AciYOi6fP6pJmDjj+IwexH/Wvp6Np4kWVjkHsZ/Ht/n6Vh0nVna2rfrXuMM3Es3CiTwoEAux/LHPasq9atkNbDMrnm263F5bM498Yx7ZpycPX+xbEj9SvbEcY+ufx/jGX+xtP/RLEzMeh+Uyef76rdd1TVWkS4dlxATDgmFYkjaQHn7p9PeDEQW+L7sYtoGPJJYg/QSI/Ge3pVymxsS9HtLAFqMgiN2SpMNzJInHcdomayDpNtiQbROXLcwC0Bjzywxuzj24rtJ8UWCii4WUgSyktlgPuxifynjtUe98TAlXV4BgD9pQWzOTEDMT2HrTKcLS50e0wBa2DAADEHIiAOSVj098TFD0OxMeCoJ7FeB+1zx/oyRmD1fr6I5W1N1IAdxlWYiYBntP+HvUXpXxO1y7tu7QseQZ8rYE47kT6Cfc0y4cLc9G0w/4SR+1E5WcGTjP58Eivp6Jp/6FJMQI5z9ZJzxjEcA4kfaWNwbQqgyD5WMYMSZGMcGJ9cCY157ltgLkbTGV+UlCPMO4PMgz2zlam1X3/Ymnkjwk5zjjGe/HuPyNB0nTbZ8FAOQSozPb8vr3iYzg6h1a4iEhCbjYQQWZAeTAGR6An0zEy0nUS8AM8uxBUrtPv298GBAj0NORJPRrE/zKbp+XaMSMQJg+/wDfIp/sjTR/NJtBInbxGIJn/Ee8EgDL9pfeVGwxLgLJCCYEcZxGOTxHau0vV7niXEYSVbaDIDFTgQu2AsSQTMbuTBpyMGm6VaOpvK1tAq27ZAjALA57c45iccSK7enA+grjnRH/AN9vKduVQYIAgI2BB+pPOAc9z2ReKqPVKUohWmfpMsb9Ki7yn6zmSB/N3OY7d/wrc61D9ImwWbDtympRkESGYo6wfYBi2M+XFBzz4etg23ClfER3gtJPznkxg4555qQes3EtXEukbgxUFRtgAeZokyRuiJgkoO5qr6bZW5N0GFS7cYDGdzLBaMwBg449O9tprG7ZIGxzC8A7Fx8oBPmMuR/WWOKKqulfEVq2r+Ij723Q6mcD5UiRA7E/e71A6Dt3PdeS653So2gg72yRmMY43esEbXe6FbIm7BVQCFCwOIJA3QAZnAXuSDgik12vOkYW0YMhBO2ApB9yAQwxwciBwZJssvQj6/VqQgu3Gc3La3FICYIuPt3x3iJHbOeKnabUXUIUBnt77jMpO4R5jbWW8okkMYztgkwYqT0C211XW4ttEYGFRQGiZY7x5gwnIJHNVtvWqjbbY3Ku4KThCRG5yCQYUFoEDkegqfoWOs0Vpl8yqFQA3FBgKTJ8pWNpzMGRzjFRB0XSD5d7kjG98AlS207Ap4HM9xjNQNTo7u12uNGSB/8AkYknGIIBmOc+tSdVZub1Fu4EdLaHzSCWJDEyJ2uGBGYwAOxq/RYFSkW7a7N6AhUBts5DTt3AbgCFEGS0Fie0RNTeuPeCXrCOjYkgbgSJJDKd49ln05PPldD+rRGH7LypBhgOxXEbvQ8EetWnQ1ui29u6cISisx9S0SSc9iPr9agxdM6elq6UVi6OJQEAwSYKkkcjBkgDg1UfFBtEL4abSGIMAAZyflx6Hk/wNW3UmuJsNp4ZJ3IyrA8QiJ7YjkSZmc4p1a2HCW3QAkDcVAB3MZIJABicz7mrLzoovh7rRtNsuOfDyYgGCe+RI9fTn1NblqdKrWmYMd6Jh1JiAdwJHy9jB2zx61qnWOk2LdrchKupzmQZyFycGBIj3ORkbD8MXWuaQKyAAnw1j7ygjPsZn8VFPL3CemHTXGc3VOFKOEnkEnGYjaoMeg/HHnQWw4QE7pDrbQLG1TENKmRCpImcHMSBXrUaBhdABVxCkGYGScgCeTHrjFW9i0AC6ja0AL3lQQIEYExMZwoP0zarLpbfh7rZaJg+zMe5PMH5QOFUR2rU+q6N9M7u7b2uMMsNpMngcjaOcQOPaLj7e/ilbhKA4Xk7AQBwFnaWMQZjOTmvfxZpTdvKgJCBYZRI3EtwSM7cf9ByU4pVT0rQm3furc8NmREdzHiDd5gAsxD5ie2a7kvAr8+dJvp4l7aYDNbAgc7ck/Q7J/Gv0GvFVl6pSlArVf0gaPxdKqeL4Q8QMX9NqOfUd8/hW1Vo/wClJLjaRFtNtLXQpj7ym28rxOfbmg5v07TuLL+GpeWcNcXiAxAaBls+piGPM1c69brgW1VUO0cjy7YwAQPlA55mABhoqj6L1t7Nhre5FEsD3fMyQJEHsOeZivA+IL9o7Uui6AoHmUQP7JUzx3n/ABq5V1KuNqdIpcqroYUuGuDIMDDxBPeFgj86g9DQ39SblwIVWXYN8oGSAB6cwIPFR+qdVu6jarFAo8wUMAJ9SWPOT/GsfTtQ9u4FS5bGSCzkBIMAyWiVxP4YrWcI2rU30RLptoqb/IuYEKZccjy7n57/APdzHt9H3Ige4VDrAtpBJAO4yZAAM8DJn6BcN/V6fxN1xw4UsU8MjaPKDMYzMgDIyeO+Yau1cvI63ETBDvvG4qFJgBjzhVL4mMd6xyqZqWtBW33N1uQrllaZEncIU4BDMDxzzAjHotVbRgVtu+Nqu4AMMd0QDuMT97aYPMkTG1PU7Im3bZGRQPnfBgiMryQRIH98gFptfp0AbesgllAZYWQTgEz/AFfXgQoJNME9A5y+zaQYDFLY3HJEQWKnEzJO0Tt5LU6xkubXV1BDHeF8q+UiSsyw7y2SAPY1VL1O0+/xGSGXuciMr5YIBGMbvrJrINbbghrw/wCGRFyYJncAP2YYiPr2ALMNZOo6q6FW2xO+PLct5Xb5WJ385U9x3Wp926bY8TUMqxLKCMn6DuZIx7n8KfW6nTPH60MAcBwuRA+b0Mz7ZJ5Nebt+y9tLb3EcdmNwbl5bgrgHCCPeQMGmCr6p1a5fOwCFLAgHkscCT+Pat5e2bS2LNtjtBFthAkgqSzAxIO1SQQRBIP00Tovh/aUZm2orb5cifLkduSQPzra9R1mydRvW6m1Ldwg7o3O0AAfRVI/E+03yn4hFZa1ty5cJIg7mtjYCPDWAoPsu9hz9ZxW0vegsoPmZgoEfdnGfaIArQtfqrdst4FwEOHRmEglWKsMHKkGR9BWz2Oq6dwGuXAGa2hMHK3BgkcTkTPGRFSwlZurHc5KoZ3MG44iQT5STmIHHmNUut6myICArqVCtMhhJZoP5wMYg+oq/TX6K6GL30UkZExmB/GQDI49q1vqt2yym2LoeA0EsDwZAkn8MTMniIpCofRLos35uAqGg/LLQfSOCcj1+lfowcV+fvha8Gu3Guy7LblSfMQF5jucfjE/Q/oBDgfSre0e6UpUCqH4o6Q+qRER1Xa6vJLAmAQVlcgEEir6lByi5+jW+UZZ0wLcMA42ARAA2/X6z2gVN0/wLqVtJbJ0zFZ8x35kRkBIMAD8prpVKDnen+DdYggNp4mYPiH14xA/L/ADFb+Btbu3NfsnIO0BwBHO3mJrpNKDRG+EtQWLf7t5gQ0eJJH1/a/rf9Igaj4A1DrsNyyF5IAcS0RvkAEtyczk+giulUoOcW/gXVi14TX7RXYExvGB9ZB49KzaX4N1aAA3bLGZLEPJnkDsomTA9cRXQaUHML36PNWQI1Sg4yS5BzOQcf+9Tv5F6oLtW7a+XaNwYxgjiAD610GlBzD/4fa0sGbV2zBONhj6ARtH5V9v/AABq2VgNRaVm2yyhxIAiHj5/ZjkZyRiunUpo5fof0fau3cFwaiyxBk7kbOCCfY5kH++ptn4M1S3Dc8WwWK7WMPkYicZiDznMTiuh0oNBX4S1g4u2FjgKGAH0G2Kh6r4F1jmTqLY8043CBM7R5cCcj0NdKpQc/T4P1a4D6fiMm4T9ZYEk+5P5VXdU/R7q72wm7p1KknCPDSAPNPPHftiuo0oOd6H4IvptltMCuNyI4ME5HMmZPJ7/AEroKTAmJ9uK90oFKUoFKUoFKUoFKUoFKUoFKUoFKUoFKUoFKUoFKUoFKUoFKUoFKUoFKUoFKUoFKUoFKUoFKUoFKUoFKUoFKUoFKUoFKUoFKUoFKUoFKUoFKUoFKUoFKUoFKUoFKUoFKUoFKUoFKUoFKUoFKUoFKUoFKUoFKUoFKUoFKUoFKUoFKUoFKUoFKUoFKUoFKUoFKUoFKUoP/9k=', 'https://example.com/handbag', 'Jessica Wilson', 'Pending', 5, 6),
    (8, current_date,'I wish for a spa day', 'https://encrypted-tbn0.gstatic.com/images?q=tbn:ANd9GcSy-V3K6s24J3pPaFZPruuzQ4d9mJXQ2fxBfA&usqp=CAU', 'https://example.com/spa', 'Alex Turner', 'Approved', 2, 7),
    (9, current_date,'I wish for a new camera', 'data:image/jpeg;base64,/9j/4AAQSkZJRgABAQAAAQABAAD/2wCEAAoHCBUVFRgWFhUYGBgYHBoeGBgZGB4YHBkcHhgaGRocGBkcIy4lHCErHxocJzgmKy8xNTU1HiQ7QDs0Py40NTEBDAwMEA8QHhISHjQhJCE0MTQ0NDQ0NDQ0NDQ0MTQ0NDQ0NDQ0NDQ0NDQ0MTE0NDQ0NDQ0NDQxNDQ0NDQ0NDQ0NP/AABEIAKgBLAMBIgACEQEDEQH/xAAbAAABBQEBAAAAAAAAAAAAAAADAAECBAUGB//EAEMQAAIBAgQDBAcFBgUCBwAAAAECEQAhAwQSMQVBUSJhcYEGEzJCkaGxUrLB0fAHFGJygpIVI6Lh8RYzJENTc6PCw//EABgBAQEBAQEAAAAAAAAAAAAAAAABAgME/8QAHxEBAQEAAwACAwEAAAAAAAAAAAERAhIhMUEDcYFR/9oADAMBAAIRAxEAPwDyUClpqWqm1VGjRS00tVLVQILT6abVS1UCilFNNKaCYFPUKVASaQNQpUBKU1CKY0BNVNrFQim00BJpTUQlPoopziVHVS00xFVDhqRapLlnOyN/aav4fAMwy6tKqo3Z8bCQDx1MIoM2aWqiY+AUcoSpI+w6up/lZCQ3iDTplHOyOfBGP4UAdVPqpzhmSCDI3HTxpoFAtVLVSilpoFqptVS00gtBHVS1VLTT6aCGqlqqemnighqNMWNEApFaAUmmvRYpRQRilFOaaoFFKnqNA5FNSmmmgenimp5oHFPTA0iaB6cVCaRNBMUiKgGqWqgemmmLU00BFNSmrGUyOtNZcKNRXqZAB+FxW16NcAXHx4IY4SQzk21GeykRaed9gdpFFAyfolmsVFxFVAriV1vpMbgxFgRcV0vBOF5vLYZRVgsSzaShnYCSzA7RXdPk2Cq1gI1A3gLAIvEECQLTcgUzZFwCbdJmw7Gqb3Aj8qNeOVBzZj/LZr81wj/+nyrnuOcSlvVPhsSjqXUYYU2Exq1EEQa9KxMsV9oAdLqZEDYdK854q5bGxT/Gw/tOkfStcYnK+If49yTKt/U4X5AGonjGOdsDCX+Zi30ig6aeK0wlms/jsAUIQgdoAypPVRpkfrzzsbiWZB7Wluh0gj5itAUB8OSVPX9b1MXarf4iSsPhrJ/hWD1ggCDE2M7VUzuUUrrSI95Ry7wPqK38Tgr6CwA6rfmJIB8waNwvhSs7IfZfDDp4Gx+8KuQu/biaU0sZCrMp3UlT4gkH6VAGuYlNKo09BIUqjNKaCQpGkDSNUKlNNTxQRJpiahNNUEyajNMaageaU01KgkDSpCnoGmlNKKWmgaaeacLRBh7Taee/yoBopJgUTEw9I9tCRyBJPlaD8a2MLCWSg0NhrYtpKFmIGknVqmJ27q58rN+vKtYg+AoZgJsSAYImr37v6t9UKySyrrazbLsrKT7XKqGAGUggXFxIB+RrWXFw8RQHQgzcB4EkSStjG1MUTAxpRkCqv+YWmSEuqA7m3jNehcGzGUwMNUTHwiRdm1qNTH2jc/oAV5ymAhAj1igzHbAnlaUvWceh3FvhSrLj2/C4shk+tw2ncBkvJBkjYkkDlyHhRxm2ZWGsNIANxe+q8b3NeEhJqXq2GwI+IqNfx7uXZm1ne3gQAABBA2ivMnJYlj7xLdNzP41y64+IuzuPByPoa6LB4xhepDOT6wWZVFzFtQ7jbzrUZ5CYimV0gFb6ibEWG3WnoH+IagCmGxnaXRZ8i0iq75zG/wDRgddWr6VdjOL4pmQzq6VjYvEcboq/0n8zU8pms0T2FLk7AYZf4aR300d3huoAn/jrVbhGIofAiP8Asun9jiPpWIuV4i0E4JE7SAnyZgasZHgmcVlY+rXSpEF+u57Iag5TjaRmMYD7b/NifxqkBWrxXh2MMXElHbSzS6o5TxDRt31mgViqhFOBUwtLTQQilpogWnCUEAKUUdUqLCgHpqeikBUtVBSpwKWg9KfSelQIioxUwD0pFT0oGUUxFSvUTNA4pwKhemZ4pgt4GVZzCifgPrVwcPUHS7YgP8GCXHkWZZ8prJTEbkSPAn8K0cPPZiNDanU7K6l5/lJE+QMVcI0xwwFIwPV4z/Zf1mDinf2cNiFe3JWY91c/iYrSZWCJBEG3de9W0xzpc+tChfZw31szHopCkCP4iKLlM+mI6jMbEgHE94DbtTvHU/8AFhVRcYN7SgGDBgtJ5SCTHj8qds0PZZYXmFUSeftG48o8K9dyf7OcIgNr1AgERax53puM/sywXwmGGxTFAlC2xP2WI5Hryq4zryrBGXOwZT19si3MGPkGp2xgoiEdTu4WWHfGpb73kVnZrLPhOyOpVlJDKdwR3j6imGG2nXIjVpN7zEiRvBE37j0qLrT0PpV8MuVEkAkGIMmIYldpgxz3i9AZiTJsabK5jSQGLFNQLIrlNUbGYIBHWKs5vLlh6xcJ1ESdV9Sz7YIAkcjCwLGb0NNhcQdY0mAOkKfjEfEVp5nji4gHrAJgDWi6XB2l1HZbYXEb7GucmiLl2KlgLCJuOe1udZvGX6an5OU+Kv4jjn2lOzrv59fO9Ew8tN9QKkHrz/W1ZeFiRbkdx+NW8tjlGj3T+ppPGtnL1q6asZjhWMmH61sJwkA6yOyNUaZ+zOpYBgkEHY1W8x8Qa6Li/HcHFwMXDRMVWxMUY7MWDKX06CkCIRVjSbmVEitM1yZrqvQ5wMUTtpafhNcox61rcLzxw1Z0Klwj6V3voPLn4VYjp+CYxx0x8RHJcqSS7lV0yZQX20qRpBvYxuKlkM3hthL+6FVRAvrfXOT2yZIwnPYUaQbEi7L3muI9HMy6Yq4Zd0R2UMuwYBoIg+YMQdxNb2HxdWd8JMMqikDCTDAQMQ+rEZm2QQIPQEzzpDddocJmTSzuFIuJC7kndb/OvMvSjhgy+MVHstdbyYP/AAfhXovDcr6vCRDbSDMGQDqMgdwmB3AVznpdlji4mIgHaOXR0t9jExC0HlY/Slmo4X1tRONQNJpaDWV0b11OMegaT0ptJqiwcxUDjULSaWk0QT1tN62oaTS0mg6U5Vab91Wq7Z4Uxzwrn66+LP7stRbLLVf98pxm6ZTYkcqKRyoqDZyhNnKZU2I51AizzNhWUBNWs/jaiO6gKIFakY5XacUbAxWUypI8DQKSGT+NaQfM5hnu5k9efmedVSKslgdt+ff3j8qCy/ruoV6b+zj01KYZy2K1kE4TFl9nmsPAtyhh4bmuyxfSgAWBjqA6/NQ614JlsZkZWEypmxi3MWrtlxgRrkXEgkKN+9kQ+c1Yit+0LTiuMwgAY9nEgoZj2WOmDPKSvS9cxwvMoj/5i6sNxpcc9J95e8G48K7DNYZxEZSSwYEWLtHkC4FcMyEEgiCLEd+xpQbieRbAxGw2vpiGGzKRKsO4qQa0OBq2JqQ44w1w1ZlRvZf7S3BUEzuwPKxouPgNjZVMSZbBb1LjnpI14TE7n3k7oFUMtlO0pZCyqyl1mCUkSARtaRNMAM9l9DlQZUwUaGAZTdSutVJHfpExTZbNskhTZgQR1BEEWvetvjuVy5ZVywcqs9orpBBvEFA5MgmWJsQBWceHMNwfhTKM8YZJsJJqyuEwlWBVl5EQY/X1rXyPDXJHYNu6q2Yw2XMKjAiSFvezGOfQmfKlnjXG5dCwcS2k7HY9K1MzmC2XwsHVOh3dtQ6wFRLWUDUT1LnoKzczlSjFSCCDF7frlTYWP7p8jWON2a68+OXEmNa3B0DHS11YFWHcQQayTWrwQ9sef0Nbjk6DI+iBVCj5glASUVFCkEkQxYgmRHLnR83wRMLL4hABdgNTwZ9sMYBJAve1p5V0a/q35VR40B6jE/kP51cQT91EmXdvF2G4nZYHyrnPSXBVMxlWVQDrW43/AO5hg352Yjzrpg/PrH0FZ3E+GrjYmCzMQEJMADtQyOBJ2Epyqjz/AIrgrh4+Ig2V2A8JkfI1V1LVv0oX/wAVjfzf/UVkxXKz1rVtitDLLQSKYCmGjErUSwoZqJphohYU2oUOKUUTRmSoBatstDK1VDRaJpqSCpgVUC01FkqyBUWFFZuN7RpyKWKO0fE0RFk/CkZCcfrw3p8MWNSzCxH9X3j+VSwdOhtRgiNIidRJAIJ92BJnuir9oEiknajKsnbkTHcLnbuHyo+YA0oF0AlBMahcAzq1e+Y922wHOm4e4TFRm9kMuv8Al1ANP9M0WL+FwJ3HZUmRI7+la3AFY4QAkEErAkbdYZeo58q9a9DOFp+64UgFk1ox6lHZCfilclleHLh5/NZaLa9aCJs667DS32gLDlVGSMoWjVfvOk/fDfWsfjPoriFHx0WVVu1HIaQxPhXp6ZBUExp8ZT7zYY+Va3C0wwmKGjQVBfYjTcOSQTyPU0R576F+iL4mWd9xirpIPJkeUbaTBvaN62G9EUTFy7RC4upGEbErrT5qRXoWQbBC6cIrpXkuwNZXpLmVTBVxE4eYwT/86qf9Lmmil/0ZggTpEiDt0Mn5TR29EsAkSgt3VvZrNIinW6oIN2YL9TWY3pDhBFYuLgHfqJptHHZjgGGHcMWnW4EOy6RqOnQAYWBG1c36ccNnI5XOCDiLpTEYCNTKSrEgfxqa1OL5Jc3m8y/74ERSkIuINRPq0BgaWEEzfmay+McRyq5DEybYjympsGAH1uz+sh2iANTm9vzDE9LOKLmMZ8RUVRiKjwBz0j8AK5zEN6PjHsp/Iv3aqsa5cZ8/t6Py8tk/UGwn61scJbt27/oaxENa/C27Q/XOukcXqCsIqrxW+DiD+B/umpYb9keA+lQzt8N+9G+6aqI4OL2U71X7oqTv2kPefuN+VUcnmlKJ7R7CeyrNfSOgiq3H8UMiDQwAxMMy2kg78pJ+IqjjvScg5nEIIIJGxn3RWWqVq+kQAzDeC/dFZ6msX5UFlqJFFc0ImoI1E05pqBxT1CaaaDToZFFAqDiqGUVMVBalNBMVFqklJxVVRxMBmYQPaJA/XmKfBFprSyef9Q6PpDHDxFeDsRaVPcSgHnWeHGpgLLqOkdBNvlFVk2cS48XH+okfIiqpNjV3MLqUkcgG+EI30U+dUW+tZovYWPp0tEwGW9wAwI59xP13FDx8QsAskgA6RNhJkx51XTEixEijYuNrYsSSx3PlHdQe7fs040j5RtRAK4rz/Xpf6ua5n0m4gq8Z1KQVfBTVsRYkXm2wFcDwrir4SMqsQC0mD4D8KnlM4XzSuzXCkST3HnIjfqK0PVE4wBZOe+m0f2Kv1rO4v6S6MPFF/wDMwsRLkzLAR7TE9axFxC4m7D+/6es+grE9J8SERZG5kCByPuiI3+yPGg0/RL0pxMFigOrW+GoBPViIJ7576B6V+kuM642CWgHGMgE+62wJAMAqLxyrkslmdDo8atDq2mY1aWDRI2mImh53Ml2Zzu7OxHQsxP41NR0GWyOE6q+Kzu7AEhsQDfp2i3yoOJxF2K4KE+0EQFu8Kolo7rmtLKoyYazqUBRuWUfBnwx8jXK/vBXE1gwyvqU9CG1A8+cdaUbGNlUOI4bX2XZdLMpPZOntFeyTblasTMOJKr7IYx4TXrWDicOThmHjMuWxMdk1OW9X61sS7OO0QzHVaB0ryADUfE0ot4j+yOiqP9NCpM8kmog1mN8r9DJWtwxu2PEVk4danDzDDxrUZej5Z5RD/CPoKWMeyw7j9KrZXFARJMDStzb3RQczxnLpY4yT0Daj8BVBeHNOGn8ifd6eVUvSQkIn/uLI/parHCm/y0/kHykVW9IEZ0UKpYh1MCOjDn3kVRyvpOP/ABB/lX6VlA10XFOGvjYrNOjSFENBJmYI0k9DQk9GibetXyU1ztmrJXPMaGTXVt6JEe1ix0IWZoa+ikmNZ/tip2i9a5emrs19CxJl2gRyA+dE/wCisPniOOkgX+VNOtcOaU13S+heEPadz3WH4U59DsHo3m1/pTTrQk9FWO2Kv9p36U//AEkdUHGUWn2f963UYNEKbbgMJO/LlUkyRIJssdd55cjapta6xin0RRfax/IL/vUh6JIDBxW7oWtlMDSAWIYGYvY95PnSy4QtpYAiNxq8LzU7VesZZ9EUBgYp+V6n/wBHof8AzDfwrZy+HhgxoL33FhuYjpz+FHXMMJKoTvA7Pdb9dau06xw3pR6OjBwBiIWMNDk3EH2TPjHxrksNq9a4hmjiYL4TpCupXTYaSRIIJ6GD4gV5NjYbI5VhBUkHytVl1z5TKvZZ7ggT3dQRDL5j5gVWzmW0ERdWurdR0PeNiKnl3APcflW1lmEEMFKt7SsNSMftQCCjfxL8DWqSOYqwMLSoJ3a4/l5Hz/CtvGwsug1DBWeUu7qP6WVfnPhWNmcUsSx3NQzAQ1afo8urH3jsnnHT+NT8DWWa9L/ZPwD1iYuO1gWCLciYEt7pU7jefLnqIr/ujGJUkdWFvI4iEf665/0uBX1anmGaJtFgNnYddgK90wOCYaXCgHqBo/1YcA+YrxD9o+dXFz2IEMrhAYYMhpK3YyBftEjntSo5WrGRyxxcRMNQWLMqgAEm5vZVY7dAfA1XNdb+zvKocwcbEAK4Y7MqrAsbeyxEwJ2B3GxioOu4tw5crlsR7KyqdIlUM7KIC4LbkbBvA15NhMAQSAwBBIOxANwY616D+0X0lXFRctgt2J1PpLhbewpRrbmbdBXnxwzzq2mL78XMdjCwUtGpU7WxBMnx+lZ6Wv8ACm0mpqkb1n5WEBAphTmmFaB8OtLJG9ZmHWjlDekHd5PgeXKq74YckA9pmcSR9ljAHgK0MPLoghFVB/AoUWHQVUXHcYKFFDtAgFwgt1JtUsPEfWxfRptoCklpvq1EwOkR31RW4WQMNB3H5MedGzL9n+pfvD86pZAkIo6F/vmjZl+z5r94VRUbEUYraogqlut3qYxl3gxG0R86rtmwmI1wJRbldV1Lme7ffvqeY4yjosMgixMAmZJ673+lceU9deN8W8LFW8IxJ8LdK0MtmYucF999x8t6zMhoYamxVUct1J6zHa/4rUw8fDkLqU2sQWki3Xn8Kyq2ue3KoY6mI85ouFxDUIOjlFhNvGqWZfDNpff2RdepmevfWfiIo3Mid43HdBM8qu1cb2Jm8Mt2x9B3jnfali5lAfdvfeueRVN7gc9oPSJutGdRO589/u00wMYajUWSYjtB4F+XfFqDgqs+8Bz1H5knlermUyZUnSJIBuVX2gu+5Md5t50XAwsQBdQSHMEQlyY5DnBHWiKiKouzJ/DB6nmYgfOrX71ptrUb7XgEmAWi3+1FfAb2gqWaynQTcmC3Tag5zIprNjEAggWnY6r/AEoGfNEGJjky6Rt32me6qmNmiwOlgDO3ICwgHaNrmpY+SBIvsLnT32Ji4oa8MBAhokkCxv4HxHw6VANc0YDE62/iJOqbczHw6VzvpLkgw9aixFmgGG37Qknb8q6l+DMZ2AvEm8dW+zQX4U495Y6iSO7p+tqTZSyWY84QkeFWUzDDZq3c/wACfCbWqLiJPbQTMc4i48Rt3ihY6cPbDYo2Ph4v2HAdO8Blg+ZA225108rnljExMYm7EmgnqfIUQqJsZ8BQ3ajKJvYbmvVOBemGHksth4CrdB2jMgsTqax7ydq8wwMFzdVZo5hSY8xWhlOFY2ISI0xuDOo+CgT5mBV2QktdlxT9pGMVYYcKxsCO/nBtavPSpuzTe5J5nnJ5muiw+DEQNBkzDFenebDbnQ8TgLk9oOY+0yrvtA+FZvLWutc4bmri5zSulbAfEnqa2k4OqmGRAYJuxM+G4psDhmEbsyKLcp3m0Ry/Gp2Otc+mZIJPXc9adyGv+jXWYfCsoB2gWadgrDyiJnwtQsxk8qJ0qQP5WBHdfnvV063/AFy81EmtnG4fgn2Syi8SZ/C9V/8ACCQSrGOpX8jWtTKzaQq03Dn5FT4GPrFBbLON0PkJ+lNTDrV7Km9ZgeN6OmPFWUd5hZnE04QVTpJUs8gKF1dsMCJnTEXEHrVvF4jhr7625AyfIC/6NcDhZnEYaVQt4KX/ADFWk4fmmA7JUG12Cjb7IPQjlTsY3MPiuGi9qR2nIkRMtI3qpm/SNIIUSeX1qgvo+5Esw5bDryk7mrmW4Ei3a/iNvKp2a61Uwc8zkuwWTCr8dxYn4dDVzLZFjd1c8xYDznl0g1rZPIYSkAgAD2WPtbfak9Bt86taUST7TDk0A3E+6PDnas7qziFoYwFQgTYrEyseE8/1NSZZg6Be9gBv3ruQeRtaj5bNHTCrc3N5kyIkTG34VE4x07EBdwIBHMHcTv8AOigphHT7CneCHi0m9ztvyqWGiqNLK0+8wIJBMQTIEj61ZUpGq4JMEybg9AL86rB1XUY7gTJEDlvz8KCb4sBdDXPON+WwNiR9Kn+9uPe/35Tv3VWOZcNAURMnbncSItvtUXxGm6EnrLfnQa/D3k3aYDnct7pgwb8++rXD8F3EEgIh6EEt2WtIjkPmaBw9MObapIYkxJjSeSiDbrV3KPhYYgF95BIi8XkEzArKqeHmiusMJAK7DYgNNzY25cpomZzSowvJIGlSNXZIEj4zah46YXabU4Bi17HkdU8pPxoHEGTVOke7GrcgCwk/SmqtHjKAsBYWloUTeIIN96Cc6mqyE9TsCpEWAHXn86ruUIUBYYgTpBMwQQO7ffup2zCdvswW97VsRbpNz9aaCvnCOyQ0QZ0neZMC297E/wDBMLMrA7DnSL6okCLW2G/dzqoMzhASxNrQJBuN7cxPKrDZzDbS2lyBAIHhadp+FNBkKMpIw1Utt2r9QYO/PlzqpmOHYeJ7aIxAGosuoz4xYeHSrQzGEJF1IXoRAgW5k0PDzKSOyRYb2JO4PdG9zQUsb0fywEFVVYm3hEMOpMWmqWLk8qvs4ayearEd0k7+XOt3GzQkSDFt7iL3Eb25VEZnBeIw7zsFBPyvRGCwKmxGwgbx1BiIPXyp8PEIJPZ6iTPLobVezGXQuYTQL7k8gIG9vC9OmARcptcGd+S+I/Oni+qpz2LZRtF9KmTyMx5fq9Sws44Bn3et175t9B0rTD9kwFkCNrkk3ABOwoa4KSTAj3VMk7XPd5Gr4nqnhOzQNKm8aSq7EX90T41I4YMgYaDqAIAJ2sRAO/5UZ8DEmRpAsRJaep322NRPD8RmLiwbYar9ZvvO/W1UDGULCSNpAMX+Z86I2QwzuAY6WEd8jeeXf31Fsri6VGljvuZjuHWTJNCPD8QLJQght+vPnQBw8ijMRAvsZAAFvG9TxMnh9kAItrEpc/Mj87UQZDFYsNDQRG24335bUTEyOJu09luu0bAHn5URSw8qDPYDHSOQ5yJHTamXKC0oIJHag2uJDdbHlUtDCSw6yQTfwq0VYGAWgxa99vwoqu3DsOQNCvJbs77doDcCL1DCyWErSmGs7ABBE98xymjQWY6QbW2Em8iSbUd8NlMtdWEE6vh5j8KCTYChRIM7ABQ0GDtG/jQMHC12CHXO9xHKxJ8LRarSqIDaRsbAmInciTtRMwyn2kA/iE85vHKgruF5kXN4BJFiI9mwm0350RMFWCMHFjBBAB7p1WJtN+vwQBUFgCyjaJk23v8Aq1DxGkGZJPMrte3OgDj6QYDM07HQQDI5X5TSOEYJkCeZkzGwJ+gqYwmMXgjaLQxtbnUnyxAmAdudp6ADbrQDy2HbVJ0xyGmD0g99FXAEkAhTzNmHxEjflUxgbAIxHWdzzjoKsJw1/sKvezbc7dTapsMUGy5BuwYi8GRquYiRffanwcFCol9MkbDpvvWiMqq+0TG++pSeYP5UhgKYhBPK0fOmxcUcdReG1KIvpnn1K/7eO9DGGokQd++tYZdACStwbsV3PjNFKg3CiPCpaYoYGOZAVNLXCiLkc7nu504zWIWYAxG0wZHdaKVKrWUMXGxUOnWBb7Isb84qOLqa4OtgJLWBPeQOVNSqNEuDaSItMQeZiLnzoqYBIGxjmYHkDEwKVKgKEiTYgAXKg+N4+dEw8XbSgveIBAH50qVAz5wAQFhuZIBk7RcbRQ3wEYEHVJHaPLyAgU1KglhcOWxm15Mz4c96muURdyqkAxEz02GxpUqCKZRSbXBFjcRAg25Uf9zCBGNwZN7ydgPCnpUBMDLAnTB8eXX9RUcXKw1gYG8zG+wIpUqfQfEb2QBe8GNV9+Y7qIMFzDKFFhyFqVKgcZbF1agFjw26EVL1WOW3EdYAv3TSpVUSHCsRvbc9wACzyMx9aL/huk3e3ITe+8W2pUqtgH/hzqYme/u6Xoi5SIJaGA3JBnujelSqVVfNQIPZmeYi3dVV8BYI0iCbNG8mZimpVirBxwwgSDA5yAAOlL1K+9DEREfClSrSCDSI1gzewW0bA1PFw8OJCT0kR9L0qVBH93UAkggm1ot0oGZywuS7HYSecCAPKlSqUN+5PEDSAOfz2qzgBVQagrNzmlSoCwWAUYcadzFvhuaFmFZIJAIPdt8LilSrV+AF3UgGInfeJ7qBrX9A0qVZH//Z', 'https://example.com/camera', 'Olivia Thompson', 'Pending', 3, 8),
    (10, current_date,'I wish for a gourmet cooking set', 'data:image/jpeg;base64,/9j/4AAQSkZJRgABAQAAAQABAAD/2wCEAAoHCBUVFRgSFhUYGBgYGhgaEhgYGBgZHBkZGBoaHBgZGRkcIS4lHSErIRwYJjgmKy8xNTU1GiQ7QDszPy40NTEBDAwMEA8QGhESGjQlISExNDE3PzExOD82Njg0NDQ3MTo0MTE/NDQ1MTQ/NDQ0NEA0MTE0ODQxNjE0NDY0NDE4Mf/AABEIAMIBBAMBIgACEQEDEQH/xAAcAAEAAQUBAQAAAAAAAAAAAAAABgIDBAUHAQj/xAA/EAACAQIDBAYIBQIGAgMAAAABAgADEQQSIQUGMUEHEyJRYXEyQnKBkaGxwRRSYrLRgvAjM5KiwuEVUyRDRP/EABgBAQEBAQEAAAAAAAAAAAAAAAABAgME/8QAJBEBAQACAQIFBQAAAAAAAAAAAAECEQMxQRIhUYGRBBRCUnH/2gAMAwEAAhEDEQA/AOzREQEREBERAREQEREBERAREQEREBERAREQEREBERAREQEREBERAREQEREBERAREQEREBERAREQESLb3b60MAoD3eo3oU1IBPiTyHjaQ3D9MuYkNggAOYr3+tMQOtxOb0elvDn0sPWHsmm31ZZnUOlLANxNVPap3/aTAnUSK0N/9nN/+kL7aVE+bKBNhQ3pwL6Li8OT3dagPwJgbqJYo4hH1V1b2WB+kvwEREBERAREQEREBERAREQEREBERAREQEREBETHxWKSmpd2CqOJP0HefCBcdwASSABqSTYADiSZocTvZRU2VWe3MWC+4nU/CR3be22rnKLrTHBebeL/AMcBNWBAmQ3vT/1v8Vml3q6Q0w9HsKesf/LDEcObaG+Xx58u8RRNtU3d6aMpCAhWYkI9SxypmHLS55kcPGI4rB1qtUu7I7sdWLoAO4WvcAcALSUafGVq+KrF2zPUc6d57gByEluA6M8W46x3SncDstmY++w0ky3D3bpUbVHem9TXVctlBOgvfWTxaiMxph1LAAsoYEgG4BIBuAbHXwM8ufNn+Pk6zGd3GX6N8UPRek39Tj/jMWt0f41fVQ+Tn7qJ3EUAOA+8pYC9jbXhqJy+5znWz4a8GPZwDEboY5eGHY+y9M/LPeYTbGxa+lh6o/oY/QGfRHUg8QD3W5TXVcC9za1ud+0f4ifV8n6yk4sb304Ts7CVeuRQjq5PYDIVJPIdoTtfR/i61QOpbPRphUFQ8Kla96hT9CiwHfx8odv1toU70aQJcr2ylyUVtNLcC3C/JTf1hPdj9LtChTSgMEyJTAAC1lY+JN0W5JuT4me3DLLLHdmnHKSXydnicxodM2CPpUMSPECmw/fNlQ6V9mNxqVE9qi5/aDNonkSJ0OkXZb8MWg9tKifuUTYUd7sA+i43DE93XUwfgTA3kTEo7Qov6NWm3surfQzKgexEQEREBERAREQEREBERARE0G9u8aYGj1rDMzHLSS9szWvr3KBqT5d8DYbT2klBM7n2VHpMe4D7yAbT2o+IfMx0HoIOC/yfGc92tvJiMQ5qPUNzwC9kKOQFtbTXjFvyd/8AUf5l0OjswAubADUk8B3kzQh6m0GNKgTTwwNqta2r96IOY/s9xiOPxdV0NMuxBtoTxsZk4PeavTp00psyBECm2WzEX7WXLobW5m9rxodQwK4ShlwahCTcdXYPyuxe/E8yTOWby4J6WMenSVmVmNSiqAsQrG+UADgpuPICZeG3mqvVFRUVqzrkDZBmIYg27LAchrabxKL4ctUIVqj6uxJJ9lNdFH2kGy3O2fiRTapWqsHcHq0cl8n6nBN7nTs3Gg18JTgMItJSLlmY5qjn0nbhc9w5AcAABIVhtq1GPoj3Xl7GbdakjMyMv5STpeBtd5tr/hz11duwjA4SijtmrVAAc9TTsqh5a62PGwkLxHSRjXa6NTReS5M+ncSxN5Fdt7SqYh+sqOzaWW+tgOQ7prM0zcMb1kqy2dK6Phuk/GroRQfzRgf9rj6SnGdKeMdSgSgl+JVXY+4s9h8DOd556GknHjOki+K+qf7qbaRGd6t3qViS3C9uWZj+ZiAFEmGGwtNqbOQuU3yk3FyOLA8VQa8O6cn2GVXNVY+iNfAcPcTw8s0l+7+JavfrXtTVetxGvZSimqU9ODPa5HdbuIm2W/bYeHajnZEtY5HdFLEDjUa4Oncv83mFid18N1QqGmqA2IJUA5PzsFtqeQFuI85npi/xVYU7ZaNJVqYgcLf+ul9yPMcRL3W/icSU/wDqw9mq24NU9RPJfs3eIEfxO5uHVVqFSinUgs5IU8PW9I8hb6TDxu5NNAGZnUEXIzAkX9BbFdWP2MltGr+JxLk60sMde56x4L4heHu8YwT/AInEvUOtPDnInc9Y+kfdp8FgQbF7kZPScqTawsrks3BLALr9PhKTupiKJstZ0NwFVbqWY62XK+pGl/OTnZj/AIjEPiDrTok06Pc1T1n/AL717p7sN/xNZ8Uf8umSlHuY+s/vvf8Aq8IHm6GFxNHSpiKzN6wao7L5AMT8pn4neev+JbDU2zItN+vLakMwsmVuIYfz3TI2ljRQovWPIdnzPD5yNbuYdlpGs/p1z1jX45PUHw7X9RgbhMXVXhUceTsPvMfH7dxFNbivUB5Xcn5GVMZGtvYn1YEh2B0l1FcJigHQ6dYigOviyrow8gD58J1TD1lqIrowZWAZWBuCDqCDPm2nhmZS44A2M6h0SbTZkq4VjcUyr0vBXJzgeGYA+bmB0iIiAiIgIiICcX6YsQzYynTPopRVlHi7uGP+xB7p2icw6YtkFlpYxRcJenV8FY3Rj4Bsw83EsHJwInoE9yyorwtMM6qeBIHxmXQ3TfKv+IoNhmBU2B59oHX4TFw5yurdzKfgRJJ/5G0lVZ2NRpYNm60p1hF1YcMncua2t73902L7WwtQi7jyIJB85rMTjEcWdFYDv5eR4iY2BwmHrVqKIgysX65c7+iFNiDe41tIN4dsYNNetU29VFJPwAkT3k2w2IYEApSFxTuCAxGhJPAnl4WtJXjdibPw1nejUrMfQpK73PuQg298lGzukOnTRaf/AI7EUkUZVVaZCqByAywOJLTU+sp94hsJO4Vt+9k1NK9C1+Iq4dW+NxLYxW7lYWyYZb9yGn+y1oHD/wAIZ6uG8J3Bd0tg1f8ALqKvsYp/ozmUt0WYFtaeLrDu7dFx+y/zgcZpO6aKxA7uI+B0mXh9qYhFamjqEcguvV07ORwLdi5PjJdvruTTwFPrPxmcn0UakMx/qD/blIL+KsASOMDaYTb9enTaii01RzmeysGLd+cMDeX8JvRVpUTQSkqBmLM6O2cseJLPmueHwmkNdZ51g74Ehw29jUsOMNTpvTN2LVAy1GYtxYgqovyB5WEv097UpYVcLQV0YBs9R0BuX9JwFa4Oundp3SLh/GXFMCV196aKYNMJh37WQrUd1dbF/TcWU6m5trpfwkg2LvFgUo08OuJQBFHWEq65mOrHtKOZPxnNsglD0l/KPgIE/wB7NvYfEvSwtOshpZ81d75VCj1QxtyuNObLNwmOpt6NRCOWV1Nhy4GchQdsy41MHkPhA6xiKgCk3kK2jXLMfORpUA1Ase8afSZFHEsp1JYeJufcYEipYlOoKcHBPkwbnfkR3Sb9EGGJq4ir6oRE8yzFvll+c50rgrccOU6V0VYhwxo9kJ1fWOAO0XJUKS172y3AHhJbJZPV0w47ljcp2dRiIlcyIiAiIgJYxOHWojU3UMrgq6nUEEWIMvxA4jvR0eV6Ds+HVq1E6qF1qIO5l4tbvW57wJDHQqSrAgg2IIIIPcQdRPqGcW6W6IXGqwHp0UJ8SHqLc+4L8JYILw1mU7zHKzAxmKucqnzP8RUXcViy5yKbL6x+wkn3Vw4pL+JZbk9ignNm4E27h9ZHNh7ONaoEA0UZmAIBIHJb8SZNdm4pVqBSBnUZQo9Gko4KP1fTzvIqQbNwRS9Rzmqv6Z/KPyibAGYqVRKzXEC8VB42PnMersyg/p0abe0iH6iVCt3StKhga2rurgn44ZB7N0/aRMHE7o4OmhcGrTCi5KVnFviTJMHkX3wdyrIUcUsgbOgzDMCSyuBqBYLrw14iBB9t4h8S6U0zdWoCUQxJYgesxPEniSfsJLNhdGgqU1auzC+oANvfw4SP7Ex2GSqHqM1tLWTgOfOdZo710GChCT3AqQLW0txnl5cuTtL7OuMxRKv0Z4cA2asPEFT8AVJmvq9HNO1xiHHdnRftadAwm36NR3plgMoXNo1hmvoSdL6cO60yWxuHpjN1lNV0HpLxJsOc8l5OfG9/h28ODldXo1q2JWuhHijD7ma3EbhYtLkGmwHc5BPkGUTtj49ARewBOUEmwJ5S8KSMD2R/3NY/U8n99mbxYzrHz1id3sXTvmpPp+Uq3yBvNpsLZAe/XdnMUpUy5KhXcgvUbhoiHnpcidN23iEAK2seHj5SN4XC08Q79YA1KiCLagF2OZtRxygAe5Z6+Dmy5N77OWeEx0r6R918Fh8PSr4XKpz5GVWL58ylgxYsSMuQ8Pzmc1Ik93xTLhaSjQGoCB3DI9pBis9LktWiVkTyBm7IpNUqLQX0nZVQfqZgo+on0jsPZaYailJQt1VQ7AWzMAAWJ53M4p0U7NNXHo5By0Veo3de2RAfe1x7E77I1u609iIhCIiAiIgIiICck6Yaf/yKDd9Nh/pe/wDynW5y/pip9rCt4Vh86ZH3iDmNprtn0x2w1NHJy2LhrrqdVysOPjebS0jpxLI75TxZr3F+BNppG1OGW4KqVI4FXZbeXGXqdWohzrUqBu8lXPxcTBw2LdrAge4SZbu7qviiFFVUJ70LD5MJPIaenvBil9dW9umP+BEyae91ceklJvLOn1vJRiOi3GD0KmHceLuh+GRh85rsT0ebQXhQWp7FSn/zZTHkrCpb6H1qH+iorfIqJmU99aPrJWXxyKw/2sZrMRuljU9LCVv6UNT9l5qsTs109Ok6e2jp+4CNImlHfLCHQ1SvtI4+eW0yzvHhHUqa9IhgQQXUXBFiLGc16tTwPwMpfCAxpVnE4o02amCHCkhHBBzLfsm452tJNuzg3N6rjJyQMbXBsST9PjNTsnZIdwbCy669/K/1m9rYp0OW62GmkDdYXB5AQrA5iWYkgkk8z9PdMDbjMirVduwhzZbek/qa35G5t/E9pV3y3ygyMbz13Y5CLaA5b8P7+8gx6u2qrnMcQ6n9DslvgRMihvFi00TGVf6nL/uvI0aDj1TKCrdxkuMvWG6kOL3nxLmz13e3Oyr8GUAzM2NtmoQmGTi9QZj4f2PlImpkg3VxmHo1OtquQQLIMrEa8ToP7vExk6Rbbeqab8N/hUl/WfktvvIQRN3vBtpMSV6skql+IIuTzsfKaVpplbYTI2bs6riHFKijO54KovYd7Hgo8TYShFWzM3BRedm6GsOVwLOVtnqsVPeFRF/cGHuMK3G4u6owFDKxDVqlmrsOFx6KL+lbnzJJ0vaSqIkCIiAiIgIiICIiAkE6UNk1a9Kk1KmXyM5exF1VlGup4dnlJ3NFvapOHZQSLkXsbaawOAuwBynQjiDoZoamHvUfuzN9ZOcTu0jsT2hc995oauzCjlBrYkDxlop2XhdRJ/sSvkACm1vnIXpTFiQD6x+wl+lvDk0RMx72Nh8BqflIOtYbaD95mcu0nHrGc12FvmpbJiFCA8HQMQPaU3PvHwk9o01dQ6OGVhdWUggjvBHGBs12s3fLy7YPMCag4ZpQaLQNrWr4eppUoU39pFb6gzX1th7Mf0sHSHsIF/ZaWSjd0pJMDn+Nq4ehVrIFyKHdUQZiQgJAPaJJuBfieMxcPtDDC5Di55srA+XCTfaWx6FfWpTDH83aVv8AUpBmoq7lYQ8FdfZcn914GifbGHUaVAx7lBJ/ge+XsH0e43FU1xitRArDOqOzqwQ+gdEI1WxGvAibbC7j4RGzNnf9LuMvvCBb++S+jimUADQAWAGgAHAAQOaYro42ivCgtT2KlP8A5spmpxG6GOT0sHX/AKENT9l52ldquPWPxl9dtN3/ACEux884nZ1RNXo1E9um6fuAmJlQ8Mp8iJ9LLtw8wJRVxtB/ToI3tIrfURsfN2Cb0hfgRbw4zIJk86WsRSzYVKVNUCrXLBVVQSxpW0UfpM54KkIuOpK5RwJsfiv2vPobo7osmz6Ct3MVFgLKzsQNOevHxnzjUqsGWx4amde3L6T6WRMPXpFMihRURs6m3NlsCvuzSK6xEw8FtGlWGam6uPA6/A6iZkBERAREQEREBERATX7Yp5qZHjNhLOIW4tA5vtDCsgZlTOR6twL+8/34zn+06zFzeoKRa5s6NTGv6zdfgZ23FYIHlNONjU2zhlGqm19RmuOR8Lyji77NrWzhc6/nQhwfepMxWBBsQQe4i31nUcZuTRJLoDSf81MlT8v5mmxm7WNTVHWug9V0Vz77jN84EJR5ttibwV8M16b9km7I2qN5jkfEWMYlAptWwQB5tSd0P+hriYLYSm5/wajexUGVx4XGje6B1vd7eyjiuwOxVtcoTe/eUb1h8/CSEPPnzWm3aJRxqvI6cCrD6iSjY2/dajlV/wDGTmGPbHij8/I38CJB1wET3KO6ajYe3sPi1vRcFgLujdl1817vEXHjNtlgeGip5Sk4RZctPRAxzgRKG2f4zNBnoMDWtgDKGwbzbgz28DRNh3HKYtYso1EkrATTbaN8tNRqeP2gcn3/AMVnrIPyofm3/UimadG3v2IGcAAE5eNtdb85FV3da8CjYWAWq6Zlv2hzP5v+jPo+psihURUqUabhVULmRTaw5EjT3Tke6GxhTqU8w4G5M7YrAi4NxA1dDYNFDdFK+AJI+c2aLbSVxAREQEREBERAREQEoYSueQLD05hVMMJsyJbZIGnfC+EtthfMTcmnPDRgaSvs1HFnUOP1Lr7mGsim3ej6k4LUTlbuOo9x4idDNGUmhA4HtPZOIodivTNRBz4sPEH+bHxmmqbOuM1Js680OjDw/u3vn0diMCjjK6hh4yIbZ6Pqbk1KRKPytp8/5gcVpsVbMpZHU3DAlWU+BFiD5WMmewd/ayWSuTUXk6kBx5g2V/kfONs7tVaZtXplvy1EFiPMc/dfykSx2FaiQb3U+g3iOII7xKjt+zNsJXXPSqBxzFrMvgykAr75nriX5gH4zi26FGscVRqU8ygOnWMNAaZYZ18QVuLeXC153c4MeMisRcV3r85cXEr3Ee6XDg/H5Sk4U+ECpayHnLikHmPjLH4Y90dT4QMopNYmHzuXPLh9plLTlaoRoDAjm1sDncnwAlihsnwko/CAy/Two7oGmwmy7HhJFgUKC0qp0ZlKkC4DPZ4J7AREQEREBERAREQEREBPLT2IHlotPYgeWnmWVRAoyxllcQLFWgrDKygjuIvI9jtycLUYMUHG9v4koiBqMDsKjSFkQD3TO6qZM8gYppSk0pmWi0DC6qedVM3LGWBg9VPRS8Jm5YywMMU5dSnL+We2gUKkrAnsQEREBERAREQEREBERAREQEREBERAREQEREBERAREQEREBERAREQEREBERAREQEREBERAREQEREBERAREQEREBERAREQEREBERAREQEREBERAREQEREBERAREQERED//Z', 'https://example.com/cooking', 'Daniel Anderson', 'Pending', 1, 10);


INSERT INTO mailings (id, created_at, description, image, title)
VALUES
    (1, current_date, 'Don t miss our exclusive sale!', 'https://www.shutterstock.com/image-vector/brush-sale-banner-vector-260nw-1090866878.jpg', 'Exclusive Sale'),
    (2, current_date, 'New arrivals are here!', 'data:image/jpeg;base64,/9j/4AAQSkZJRgABAQAAAQABAAD/2wCEAAkGBxATEhUSEhIVFRUXFRUVFRUVFhcWFxUVFxkYFhcVGBUYHSggGBolHRUVITEhJSkrLi4uFx8zODMtNygtLisBCgoKDg0OGxAQGy0lICUtLS0tLS0tLS0tLS0tLS0vLS0tLS8tLy0tLS0tLS0tLS0tLS0tLS0tLS0tLS0tLS0tLf/AABEIAOgA2QMBIgACEQEDEQH/xAAcAAABBAMBAAAAAAAAAAAAAAAAAQIEBQMGBwj/xABPEAABAwIDAwcFCwcLBAMAAAABAAIDBBEFEiEGMUEHEyJRYZGhFDJxcoEWI1JUgpKxssHR0jM0QmJzorMlQ0RTY3SDk8LD8CQ14eIVNqP/xAAbAQEAAwEBAQEAAAAAAAAAAAAAAQIDBAUGB//EADwRAAIBAgMEBwQJAwUBAAAAAAABAgMRBBIhBTFBcRMiUWGBkbEGweHwFSMyM0KhstHxFDSCUmKSwtI1/9oADAMBAAIRAxEAPwDuKEIQAhCEA3LrdOQhACEIQAhMe5EYQEWWjzOLs3Vpbqt29imoQgBCEIAWN7ksiGsQDWs4rKhCAEIQgBCEICDU0hc69wNFNCVCAEIQgBCa4pmY9aAyqEysu7Ll4kXv/wCFMBWEUrL5ra3vvO9AZ0IQgBCEhKACsb3X0Q43TmtsgBrU9JdF1XMBUibdF1XOTYddJm4JuZF0ziw9KmXRdTnFh6E26W6tcgVQp63K4ty33cf/AApqwPpmE3IufSVIM6EIQAhCQlAKsb38Akc6+5OaxAIxqfZKhAIAlQhACEIQAmPbdLfXsQSobsAASEoJTSVlKZawpKbdNLk0uWEqhNjJmSZlCfIXHK06aXKzs0AA4LOVSxaxmzIzLDmRmVOlGUz5kgcseZR8QgdJGWNlkiJt75HkzixBNs7XDXdu4rSNW4aJwKHSAC5IA6zoPFa0dlYnH32orJfTVzMHtbC5g8E52yOFN6UlLA4/CnHOH50pJW8Zx7fy+JRpk+s2ow+LSSspmHqdNGD3Xuox20oj+TdNL1czTVEoPymRlvisX/zmD03RE9FER+ix8TSPkt1UOp5TsIZ/SS8/qRSu8ctvFdMFfcm/nkUbtxLF20kp/JYdWydpbDCP/wBpWkdyT/5HFHeZQRM/bVdiPS2KJ4PerLAMYiq4GVEObm35suYZT0XOYbjhq0qxU+AK7CvK7O8p5kG4yiEvIA43c8C/DcAp723VfV1D2uIB00toPuVkoJGtbZOQhACEIQAhCZnHWEA9IlSFQwIUwlKSmkrCciyQhKYSqXbTE5KainnisHsYC3MLi5c0ajjvK4dU8omLPOtWW9jGRNt7Qy/ilPDzrK8WvH+CJVFHeeiSVhqJmNHTcGjrcQPpXmaq2grpPPq6h3YZpLfNBsq5zcxuek48TqSfTvK0Wy5PfO3JfFFHiFwR6SqNqsOi0dWU4twErCe4G6q6nlLwpmnlBef1IpT+9lt4riWK4BWUzWuqKd8TXkhpeALkakWvobdatPcPW+ReXnmhBzYlHTOctNrWaG2vrxIUrZlHfKbfkvcx08+COh1PK9RDzIah/bljaPF9/BVdTyyO/m6Iel83+lrPtWrbA7FHEnTATiERc2T73zhdzmfd022tk7d63STkuwqD86xFzbbwZIIR++CR3rT+iwlN2ab8X7rEKpUlqvca9U8reIu8yOnYPUe495fbwVVU8ouLP/pRaOpkcTfHLfxV9ySbL0FcKjymIyOidGW++SMGR4da4Y4X1YVecmOy1K6bEOep45BFVugiErA8MEbn+bmB3hzNewLfosPTvaC07v3KXnK2py6r2lrnn3ysqDfhz0gHzQ4DwVbNdxu+7j1u1PeV3Pkcw8RCv0HQrZIb23CID8S4lV1POyPl/rHvk+e4u+1b05K7UVa3YUktE2YQEIUihpXSOsASBq628N427eocStGyp6D5Jz/JNN/jfxpFtzXXWqcmsGTDadgNwOd1Isfy0h1bwPWOB0W1sFl5cn13zZ1RWiHoQhSSCEIQAhCEAKvjpXB+bS2Ynfw1VghAIkKUppVJEoQrESnFMcVyVGXRrHKWf5Mqv2Y+u1eeBJ0Cwi+uZutrE2zEi13aNsNdLlehuUr/ALZVfsx9dq86r0Nmu9N8/cjnr/aXIFkpfPZ67fpCxrJS+ez12/SF6RznpLlCwHy2hliaLyNHOw/tGXIHyhmb6HFa3P8A/WB/c2fS1bziWJshkgY/+flMLT1P5t8g7+bI9JCo+USBrMJqmsFmiM2A4XeCfErzoSei7zqlxZpfIB51b6Kb/fVZymbLVr6qtqhT3pxzcolzxt8yGJrzlvndbI8AW3knVWfIB51b6Kb/AH1Wcqm11cKuqoWyhtPZjCwMZdzXxMc4F5BO9x3WW+vTO3d7jPTIrmbkFqLVVTH8OFj/APLfb/dXScDp20rqpzv5+vLh6ZGxNHiCuP8AI1UZMUjH9ZFNH4CT/bXS+VHEeYZREG18RpnO7WMzPd9DQq1l17dpMH1blkKcUlNiMm68lTU+0xNdfvC80sFgB2L0tymVHN4XVnri5v8AzHNj/wBa894JAxz+llO4Bjr9K56RuBcWAvfv0BV8PomyKm9IZhtCJMznPyMb5zrEncdQBvt0bjqN+Cl1ssccYja0ZuiXDUkOAtmJuWuB10GhEmoGUXx1OJgC0YAcAG8427dGm7S1vA2JHZmcBcEWrCVvZszO1cnG0xjpImTDM28hzDzgTI8m44i54bl0mmqGSNDmODmniP8Am9cU2S/NIfl/Xcthw/EJYXZo3W6xva70jivkZbQlSxNSM9Y5pc1q/PkfSrZsatCE4aSyx5PReXzodRCVUGD7RxTWa/3t/UT0XH9U/YfFX69ilVhVjmg7o8irSnSllmrME0jinIWhmCEIQAhCEAhTXJxWF8rRvcB6Tb6VlU0V2ShCeCa5Y3VUXwwT2a/QmGccGvPySPpsvPqV6V7KS80aqMuw13lK/wC2VX7MfXavOy9Fbe5XYfUNkvGwsGZ9g/KMzdcgNyuG83hrd8tZJ2sjijH773HwXbs7ExjTl1ZPXhCXYuNkl4tGFem3Jard2r+SnWSl89nrt+kKzfVUAFm0sr9NHS1FiD15Y2AeKqWOIsb6ixv2jivWpVJVL3hKPPL/ANZS/OzOacbcU/P3pHcuXGd7KWmfGbPZWMe13wXNjlLT3gKftTizKvApalm6SnDrfBdmAcz0hwI9i4hi20tZVAMqKl8ovcNJFs264a0AX1PBY4cLq5AGthnc3gBHIWjjppYKkqapxTqNKz3vT1sXz5m8qub/AMiWLU1Oax1RPFCCKfKZZGszW569sxF943davMdn2XknfU1ErZZH5S7I+d7Tla1g6MXR3NC5nBsZiLt1M4drnRt+s4FWUHJxXu850LPS9xP7rT9K46u0MDBuUq8Vykr+SuaQpVmrKD8im2WxZlJWw1Ra5zI3ucWttmLXNcywzEC9ncSr/lJ24ZiIhbFFJE2MvcS8tuS4NDSA0m1rO48VKh5LpP06po9SMu8S4fQrKDkxph588zvVyNHi0rlqe0WzIvNnba7Iy96S/MvHB12rW82im2t5R6mupnU7oI443OZmIc5ziWOa8WvbS4HBaMuy0+wWHtuObc6+/NI/W2v6JCnxbL4ezUUsOnFzA7xddcMvazBQVqcJvyS/U3+Rr9H1XrJr8/2OEhw3XU2HCqp/mU8zvViefEBd0ppaYO5uN0Ida+RhYHWG85G62WauqmRRvlkNmMaXONibNAudBqVzT9rqjeWnQ1e68n6ZV6mkdnJaufl/JqGy+E1DaaNr4nNcM1w6wIu9xFwewhXDcJlPwR6T9yyYFtRTVb3MhzktbmJc3KLXtpfXwV0vnsbjMVGvLpYZJNttNPS7vxZ69DEvooxg00klfloUL8OtfM7q80X3+khbds6+QXjdIXgDTMNRwtffb0qpfTgkm5137vuVxgXnu9X7QujZWLm8ZSim9bqW5X0fYjHF1J1KTzcNxfIQhfdnighCEAJCUhcEzegMMtMxxuQTftNu69knNxN3hoJ11sPpUsBUePee30fevK2jUp4ShKtGCbuuCW99tu82opzkotsmur4R+kPYD9gWF+Jx8Ln2feVSoXy1T2gxUtyivB/+juWEgu0NpWCqppabVokaG599rODvN47utaPByZUg8+aZ3oyNH1SfFQ8Y23rfKpaeljicGOc0Etc5xy6OJOcNABuFvOFVLpIYnuFnuYwvHU8jpN9huF3VZ7Ww9GNSdRQjPXTLfVJ8I31W5XbZjFYapJpRu123KOHYHDm74nO9aST6A4BWMGzNCzdSQ+kxNce9wK5tt1i1U2ulibUStY0xhrGyPa0XjYTo0jiSfambT7P1VCI5TVOfmcW5mukY5rrZhrmudAdexdP0bia8aXTYx3qq8E87vonr1sqdmrrXuuU6eEHLLS+zv3L3anXWRRxglrWsAFzYBoAHoVFPtvhrf6QHeo17/FrbI2ZxGSow4SyG7+ala4/CLC5mY9pAF+1c35PsOhnqhHMwPZzT3ZTcC4y2Oh7SvPwWx6EliZ4py+pdnly62zX3ru03d5tVxM04Knbrdt+7sOmYXtjQzvEccvTOjWva5mY9QJFiey90/a/HjRwCURiQmQMyl2W1w5172Pwd3auYbTUEcGImKnFgHQlrQScr3ZHWF9d5B9q3HlTeTS2uOjOzQ8ei8adZ1J9AK6ZbIw0cVhXTcnTqq7jJ2dtH+G29SW7inZ2sZrETdOpffHS6LnY/HpK2CSUsaxwkdG0AkjRjHAm/a7wVDsHtVVVNS+Koy/kXODWtDbPa5oI6zo48eCk8k35pL/eHfw4lruE/9PjZZwM0rfkytc9o/eYpjhcP0mPoqC6kXKHFxy3vZu7104h1J5aMm97s++5IrsSqZcXEDZ5REKhjcjZHNbljyl4IB1vlfe/Wtp5SanJQSDi8sj73AuHzWOWnbCt57FZZt4HlEwPruyjwlKtuV2ptHTxdb3yH5DQ0fxD3LprYeP0rhMLFJZIxb5xvJ37dIp3M4zf9PUm3vbt6e81LYWo5qvpzuDnFh4XEjS0fvFq6xtd+Y1P7CT6pXJ8cjNO+jlA18lpZvlAlxHp0C6btdUXo6nKdOZcRu1Bb471G2ksTisLiYbpaf8J/EnC/VwqU3w96+Bp/JF+cT/sm/XC6iuXckX5xP+yb9cLqK8v2o/8ApT5R/Sjo2f8AcLm/UFZYF57vV+0KtVlgXnn1ftC4djf39Lm/Rm2I+6lyL5CQlYy6+i/RzxxznJmXsKyMbZOQGJrbrIAlQgBUWP8AnN9H3q9VFj/nN9H2leL7Qf2E+cf1I6cJ96vErEjyACTuGp9ARdVW1tTzdFUPvY809oP6z+g3xcF8HSpOrONNb5NLzdj1JSyq/YcbiL5PKKoEtcwtluDqHSSgb/lOXUeTOqz0DG3uY3yRnvzgd0gXMcJxSKKnqoXNc507I2sItZuQudc3N95G7qW58kVXpURdRjkHtBa76rV+h+0dGc8FVbjZQnFx745VHTxlI8XBTSqx11ad+d7+41jlAP8AKNR60X8KNSNqdop658cDohBaQAMcXXzvs0F7i0EAB3VxO9YNvf8AuU/rRfwo1P5VKLJWc4NBLG11x8NnQPgGd66cJ0LWCjOPW6K8Za6NQpp6bndPj2abylXNeq09M2q7dZfPidEw/DBTUXMA3yRPu7dmcQ5zjbgLkrkOylLUSSltPKYpBE92YEgkAC7QRrc6Lr9BX8/Qtm4vgJd2OykPHscCFzbkr/PR+xk/0rwdkVq1PC46pPWa1d1dOXXvdPTfwtbuOvExjKpSitz9NBvJw2KWuvMC92V0kZcSffQQbm/nG2Y3PEX9G28q4/6Nn7dn8OVaO9po8TOUEiKovZoJPNPN7WH9m+y6Byk0Ms1KxkMbpHc+02aLm3Nyi/YNRr2rq2lb6WwmIv1JKLV3okteSVmnfmZ0b/09SHFXIvJN+aS/3h38OJa5yih0GItmZoS2KUHrcwlv+23vW3cm+GT09M9k8ZjcZnOAJBJaWRi+hPFp7km3Gykla6F0b2MyB4cX5tQ7KRYAa7j1b159HGUaW2qs6kl0cs6b3qzV+F73aS0Np05SwsUl1lZ95SckFL+cSfs4x7MznfSxVvKlOX1scQ1yRMbb9ZzifoLFvux+AGigMReHudIXlwBA1a1oFiepqjVWxdNLVGrkfKXl7H5QWhl2BoaLZbkdEcVentSgtrVcdO7ha0Wk3d2UVyulJ6+REsPP+mjSW/j53/Y59tjgFVTtidUT89mzMbq4hgaAQ0F3DfoANy3cVXOYKX3ufI3NJ/WYwsd4tK2PE8JgqGtbPGHhrswBJFjYi+hF9CU+lw+GOPmmRtbHr0ABl1Nzp2klcOJ21HEYajGqvrITzNpRUWuxJWs93Deu82p4XJOTjuatxbOMbI7RGjke5kQlc9gblzEWsb30aSfQur7J4tNUwmWWLmnc45obZw6IDCHdLU6k69it442t0aAOwAD6FlETjuBKptLadLaMnKnQtNtdZSlJ2XCyVvf3k0MPKitZ6a6Wt8RissDNnO9X7VFZQSnczvsPpVjhlA9jiXWAI4G533+xRsjBYmOLp1JU5KKercWluZOIqwdNpNX5llqU9rbJQEq+9PLBCEIAQhCAFRY/5zfR96vVRY/5zfR968X2g/sJ84/qR04T71eJQiB2a9v0r303Xv6VScolPNJSc1DG6Rz5GAhovZrbvueoXawe1bMVidUMG97R7Qvi8Pi5U68KySbg00uWqvbXeejOlni49prOweBPho3xzR5HyPkLgbEhpaGAXBPAX9qr9hNkquknMkrospicwta5zje7SDq0D9E8eK2uuxqCJjpHv6LRc2zO7NwHatcqOUqhb5rJn+hjGj95wPgvVpVdpYnp3SpNqq1m6r4bkm92/wDg56lOjSyKbtl3X+dRuNbAipqn1DqgtDyw5BHcjKxrPOLv1b7uKvtoNnKesyc9m6Bdlyuy+da4Jtu6IWuRcozX3LKZ1m5b3f0jmOUBrWtN9esgXsOKrcX5Rahry2FsBHWRI4j94D/mtiuxbN25U6Nvq9GssOtFZVZJ/Z13aO+pl02FWbjffo3c37C8Jhgh5iMHm+lo5xd5xu7U9dz3pKHBqWE5oYIo3WtmaxodbqzWvZcoqNvMSdumDPUjZ9LgSq2o2jrn+dVTex5YO5llqvZnaFRt1K0Vm39aTvz0Se/iVeOoq1ovTl+53c6a7usqFU4zSx/lKiFvrSMB7rrgk8rn6vc55/WJd9KxgBb0/Y2C+3W8or1zP0KPab4R/P4HbajbXDmb6lp9Rr3+LWkKEeUWgzBo503IGbJZo7TmcDb2LkrqWQZbxvGc2YSxwDzpo0kdI6jd1qXFgdU6oFKIH8+SBzRFnC7Q7W+jRlINzYALuh7KYGP2pTf+SXpFepk9oVXuS+fE6Di/KRHG4sigMhBIJL8oB7CGm53/AHlU1Rym1R8yGFnrZ3/a1VO0GxFfRw8/NG3m7hrnRvD8jjoA4Ddc6cRew4hWVFyeTPq4KYzsDZqbyoTMaXNEe62UltzqzW488LuWxdmqKvTTS3Xcmu/S9r7tWrmbxNdveyHLt3iUhs2QNPVHE0n94OKaajG5txrT6rZYx3tDQpzsJmo6Grm8pqInsrjSRsjdkbKWWzSHTN5oktYjzVqVRWSyflJZH+u9zvrFXhgYKT6ClSiu3Lmb8Eo/qZV1X+OUm+dvW/od02GZLHRQtnzc4OczZjmdrI8i7rm+hHFbRFIeAJ7h9JWncmQ/k6n9Ev8AFkW5QhWca17Oa/xjb1lIsnC27zd/cjOx8h3Mt8r7gVn99PFo9hP3JYlICy6F/inJ+KX6Ui2bsS+edyMIn8ZT7GtH0grNG2wAvft61kQphSjHdfxcn6thybBCELQgE2/BKCiyAVVuK4Y2Yec5jhuc0kewjcQrJCpUpwqRyzV12MtCcoPNF2ZzPFsKmgPTF28Hi5afuPYVX3XVpowQQQCDoQdQfSFqeMbMjV0Gn9md3ySd3oPgvDxOy5Q61HVdnHw7fXme7hdqxl1auj7eHw9ORoO0/wCaTeqPrtWjYbQG4dIALmzGPa/3w2Ghs0kAhxII1OU23XXScdiEdPNzrQCA0EPvYAkHUWOpANjY6jVcyxHEzIMovl4kixfxu5oJaDe503knrsvW2FFqhJf7n6I83bUk60Wv9PvZtEOy1ZJFzzJ6enjkFojPLzL3tizC0QYHZmWPnaZhY2sdaWHZiR2HeXscXe/cyIWxuc8n4VwfCy33ZyshGHxsxOXD5qQQXibmvVxuIBEQjt5wFxdpDhYb1r+D7XmlwfmaeoMdWagusGZjzZtc5nNLBu9K9aMpcO08tqPEx4hsFkxCkoGSuPPxNle9zQCwe+F4DR1NiNr8SrVmzGE1La6npG1DJ6RjyJpH3bK6Mua7o7g3My24aG4UDaPbljsSpq+mBfzEDI3iQFmd15RIOwFsmhtv4GyZiW3FMGVIoaI08lXfyiZ8hebOuXCNm5t879Ra19260fWNLl+d9b+AvHU2XYDBaN+G01RLS0j800wqJakN6MLXSjM0uFswysAHVdcv2gbDz9QaYe8c7IIurJc5bX4W3dllIqsfkfQw0BYzm4ZXTNdrnLnc5odbW99PDgFVh5sR1ix/5wWkI2k5fO8rJ3SR3fEOaqzDhslmytpaStpnni9jnB7OzRgHoe74KqqOshj2jrhI9sbpIGxxSOIADzFTm1zxIFx6tuK5PU4vUySMlfNIZGMDGPDi1zGC4DWubYgWc7vKjTSueS57i5x3ucS4nhqTqVnGhZWb4FnU1udCrKcYZhNTRzzQyVFTM1zYon85laObzSONgQTzZNyNTl7bZqXbKnZhDAJB5fHBJSxsyu/JulZYl1rACONh38CuaRMvo0X7Gi/gFOp8Eq3+ZTzH/DcB3kWV3TX4u25XO+Bt3KXtdS1jIY6UODWySTS5m5byuAAtffvk17QtQw6lv747RoItdrjmcb5RYNN23bY6cQOOmxYLsTVm7pafUDote9jQbgjpWJIHDdcHL2kXkuwlbI0RiSFjALXJdmy2tkyNGXcGgm+uQGw1vCcYrKibN6m6bDMAo4g0AAc6LN80HnX3Dey99+vWtnhCo9kcHNLSxU7nB5Zmu4DKDme5+4k/Ct7FsULVzS3s1W4kxBZgmRhZFmy4KNNVtabEH2KSo01I1xuSd1tLfcoBICVNaLaJyAQBKhCAEIQgEIUaZiw+Vuz5dLZrey9lNe1SgaPyl0zTh1Q4i5awEHqOdoXn4leqsRoI5mOjlYHscLOaRcEXvY+0BUZwTDqfUQUsXaWRMPeQt6VRQT03mc4uXHcec4Yy89Bpcf1QXHwVhBgFY/zaab0mNzR3uAC7hLtLhzTkFXAT8GN7Xn5rLlQ3Y/C78nFUyerSzgfOexo8Vr0suwzyLtOTw7GV53w5fWeweAJKlx7CVX6T4m+guce7KPpW/TYnUEnJSSix3SOhZpp+uTc3PDgVkjbWucM0EDGXF/fnvfbjYCMC9u1OkfcMpo0ewh/Sn+ay3iXKXFsVAN7pHe1oHgFvbqZN8lVekZGU1GHZOlH81f1nOPheysqbA6dvmwxjtyNv32V82mWVlOocmybEGnpgNwt6FZUkYHp4FZY4FLigVGyyQyJh9nUpkUaWKJSoo1QvYWJimxNTY41IY1VbLDgEqaSnKpIIQhACEIQAhCEAIQhANyDqCoqjAJXvc51fVhpcSI4zDG1oJ0aHNizkDdcuur9CA1w7GUh1eaiU/wBrVVLx8wyZfBEGyOHRm7KKnafhc0wu+cRdbGmPCtmZFkVfk7WizWho6gAB4LE+JWToyUx0KXIsVL6cdSwOp1cOhWIwq1yLFUadN8mVqYEnMJcWK0UyyNp1PEKyNhS4sQWQLOyFS2wrMyJQTYjxxKTHGsrY08NUXJEa1PQhVJBCEIAQhCAEIQgBVsdO/nMxGmYneN2qskIAQhCAEITHuQA56a0EpWs61kQCAILUqEBjMaaYlmQlwR+aVdPRPLyQ3S4O8diuEqm4MHNJwiWVCXAwRpwCVNcVAHKtqKd7nkgaacR1BT2G6egBCEIAQhCAE0hOQgBCEIAQvNHu9xb47L3M/CrZ2LbSCMymSrADg0tMJzjMMweWc3cMO7NuvorZSLnoFC4BhuJ7STtLopaogOy3MYGoEhP6GoBie0ng6zd5sonuk2h06dbqwyD3g6sbbM8e96tFxc7ukOsJlFz0TdFl59fi+0gaHl1Zq90eXmDnzNY2Q3ZzdwMrrg8bO6isdHtBtBKwyMnqcmRz2vMfRkDSGlsbubs99zo0b7HqTKLnodC81z7a4yw5X1c7HcWua1pHpBZcJnu9xb47L3M/CmUjMel0LzR7vcW+Oy9zPwo93uLfHZe5n4UyjMejnVbQ7Lre9t3FSV5k922KXv5ZJe979Df81ZPd7i3x2XuZ+FMozHpdC80e73Fvjsvcz8KPd7i3x2XuZ+FMozHpdC80e73Fvjsvcz8KPd5i3x2XuZ+FMozHpRz0jW33rzZ7vMW+Oy9zPwo93uLfHZe5n4UyjMel0LzR7vcW+Oy9zPwo93uLfHZe5n4UyjMel0LzR7vcW+Oy9zPwo93uLfHZe5n4UyjMelrpV5oG3OLkgCtluSANGb+H6KnSbSY83fUyj2w2323gdZCZSbnolC84u2txsEg1Utxv/JfdrvCX3V458bl323xb+rcmUXPRqF5pftzi4NjWy3/w+OvwUe7zFvjsvcz8KZSMxrgP/N3itqn25kL2vZTxMc0yOvckvfJFJCXyO0zutLvOpytBPFKhXIMZ2yOYWpo8oIcGF8hsS6qMhzXBOYVs7ezokbtSq20kexjOZY0N5m5Y5zS50LoHNfcahxFNG2+p7dAAISwuR6/aky3Hk8cbTIXOEbnML2PjZHNG8tsDzgijJcACCO1TKfbd0cnPR0sLJBGYgWmQMEWdz2RiG+UBocW3323FutxCWFzVH5bnI3K25ytuTlF9G3OpsNLlIhCAEIQgBCEIAQhCAEIQgBCEIAQhCAEIQgBZIjGB0mEnrDg3T0ZT2pUIB/ORf1R/zP8A1SF8X9Wfn/8AqkQgMTyL6Cw4C97e1IhCA//Z', 'New Arrivals'),
    (3, current_date, 'Get ready for summer with our latest collection', 'data:image/jpeg;base64,/9j/4AAQSkZJRgABAQAAAQABAAD/2wCEAAkGBxITEhUSExMWFhUXGBoYGBcYGB4eGxgcIR8XGh4hIBseHikhHB8mHBghIjMiJiosLy8vGyE0OTQuOCkuLywBCgoKDg0OHBAQHC4nISc4LjksMC4uLy4wLjAwMC4wLy4uLi4uLi42LjAuLjEuMzYwNi4uMC4uLi4uLi4wLi4uLv/AABEIAMIBAwMBIgACEQEDEQH/xAAcAAACAgMBAQAAAAAAAAAAAAAABQQGAQMHAgj/xABGEAACAQIEAwYDBgMHAgMJAAABAgMAEQQSITEFQVEGEyJhcYEykaEHFEJSscEjcvAzYpKy0eHxJIIVQ1MWNERjc6KzwtL/xAAaAQABBQEAAAAAAAAAAAAAAAAAAQIDBAUG/8QAMhEAAgIBAwIEBQMDBQEAAAAAAAECEQMEEiExQQUTUXEiYYGRoRTB8LHR8RUjMkLhBv/aAAwDAQACEQMRAD8A7LRRWKcVzNeS1qyTXigDZRWKKAA35b8qrnZXtjh8bnjW8c8ZIkhY+IWOUlTs635jyuBemHaLFzR4eV8MFeaNc4jYE5wNStgQQWAIB69a4PwPEmTiCY7Cgqe/7ySIm+QOHeSzW8UbAOL2BFwCNiVSEZ9EJMpLKGBK2zAHVbi4uOVxrWyuJ/ZFxpkkx2NxUyrE6hpHdgM8ty1ludSFJ8I/Mo6V2iCTMqtYjMAbHcXF6GhTZRWK860gHuq3xHtnhocSMOzX3zsLkRnkCANT16aedq19ofamUSNg8O+QqB3zro4zAMAp5DKQSRrqBprXPEVUxSIPhDAXvobjf5n61Flm4xtFbLn2uon0NhcSkih43V1OzKQQfcVurivYfiLpjFKEgSSqkgB0cHw3I6jNccxlHne/dkO1wxTvBKAkys2W3wyICdRfZgN19xpsuPJvVkmPKpItlaMbPkQt5gfMgfvW6lHat7Yc2/Mv63/anydJsfN1FscVF4jjBEhbc6BR1Y7D+ulb4ZMyhhzAPzF6rfaLEXxMEXIMhPqWH7D60kpUhs5bY2WYUE0VEmmuCOh+lObomhByfBvWYFreVbaXxtZsx9alwS5rm1qamSZMW3lG2isUU4hM0ViigDNFYrBNAHqivFzXqgDNFYooAzWCaDWu5/2oFA17UUBazQIFFFFAFP8AtF7LNi4llgl7nEw37t85TMp1KFhqLkAg8iPM1y9eGy4Yxy4rDTRYhcRGrFNFxcMl1kW6kqZtbXUgsHubkFq6X9pvBsNioFSVmWRTeMqSQt7XLJfKwsLXOoubc65zhuBYmGArFiWaM5HEBUsuZGEikeLwm6bqNdqb5sE9rZax6LNOG+MeCNguAmbikcOM7qImQD7tEVbKvxd0AngjUIPFcg+RJvXfnnAF7XFrgjY1wTgsOKwrR8QEYmxmMMjYWMeK2bWSZgP57Bbi2Zi1rWrtXCUZcLh0f+0EUauCQSGyANe25vequu1DxRW18keHGpPkaK4NjyrTj8SIo3kNvCOfyHtcisJIFXXcVo4zhDNHkBA1BIN9bXIGnnY+1R49fBxW7qLkwyjbX0Oe8V7PyPiGx6J3qOFMiKLyIwUKbIPiBC3Fup0qsRcIeXvmyGNAGIzAgqwuw0IvblV5wPFEJInkfDyA+CVD4LaeFhsdRe567ipvEscmUKZ0nuCGYKA1vM7H0p+TNeP/AAZmyM/iK72Q4UYVM7C3dDwj80zrZR/2hrn2PI1p4bgnTH4eMaG8cgNtcgJJPkCgbflTHEYhkSzXIDGy3Frnc3Hyudht56IITBC8khviMSLDqkR5AbgvsByW1M02ThyfRfljdqTXy5Ll2M7Srjoi2ULIpsyg6WN8rDyIG3Igjlc443N3mDDdGW/qDlP1qi/Z5izHjkj2ziRGHL8UgtyNsgHuat8VyuMg6FpFHobn9B86tOW6PvZJ5jnD7jvs9Lmw8Z6DL8iR+gqtyky47TlKPkhF/oppn2cxQTCO52RmP0Bt7k1ngmBEKmaYhXbryvrb+Y9P96R8qKFreor7jvESEC4qJ3ilr+XiXpe/yBpRieLvM/dQeEWN2O5GgJA/o68qaYXDKiqEuT+K+pY9TTt258GhivsuPUj8XxphjzBGcjcXtv7XNIcZ2mmDxlCES7AqBe52FydflamvH2bw5joSbi9VLGoPEp58ud+RHkRp8vOq2XJJOkdDotNjnBOcU3z8y+8F4ys4sRlfpyPp/pTGbEItszKt9rkC/wA6onZzFhZkJ53v5X0v7Vq49xW8jNe9zZfS9h8/3p8c7UOepWyeEqedxjxGr+p0KKQMAVIIOxBuK9VzHOuYKTZuV9CTqfCeeinba1WXs5xCZpijMWBUsb3NrbWPqdqfDUbnTRX1PhTxQc4ytL6FoagWrJFeb2qwZBn0oUUCs0ChRRRQIZryFr1WKACvM0oVSzGwAuT5V6rzLGGUqwuCCCOoOhoFjV8laxfahtO6QeZfX6A/r/zAwfaOQSDO+ba66ajysN7VF43woo/dEnIdQ1911FiOe+o9PSofFMNHYMhs4/Eb2YDkSBYHzrPnlmpUzq8Gl0rgko2pd+pN7VzBpXym4KgDXe4tp5aiofD2GpGw09LaAeupPvSh8Z3kqxqCWVSGHMWty32K0wjJjjsGUMbmxBNieRsRra223Wmy5dl6OFY8SgnZa+xvDFhRzkIZ5GILDUKxzAJqbJqTYWFy2gpxis2Rsgu1iVHIHlfy8t6ob8bxEURlSRpGjF1hbXvBsw8PMDxAEbi19am9keL4rFePETYdLr4YInDP/O4U3Xfa/MXsaqajTyknkvj8nN5Y+Tl2z4b6Ersw2JZWOJZwVIynwWY6hrb5VuLDn56gBt2h4lPFAZYYkkC3MiuT4ksb5SNLjc6HQHSmPdhctthv5jf+vU0tn4/gVUn7zCRzCyK2YbWygknQ9KrYVPfvjG668Eeqywd20r6FBftpgzvw+56LOcvt4R+lKuJ9rYZV7tMFFCAdwczH/usLfJr1EnwUR2dbcs1ibeoIJ971NwnAYAA8k8IFwMqPGz6kC+Us1gL3PQXralOMk/h/Bz6lfH/g8wuPVokdWUgIjEsLg9NOZJB08vOs4Xh02ISXEOxsBmzN+vmbbchv+WoM00AZhmUxo11VWBMpIDcjsCTc+25ra3GDiP8ApVmWGBiczSOFuvMHWwB/KN9tBe9bDhbd06HNw5TfIq4cZI5DiYTfuicjEWUsbqgI/vISSK6VC4OMilA8OIjDWPmm30HzqlS4yEQdysq2F5LZgQTtqb6sfpT7DcVgXCwMcRGZI7Jl7xbiwI01uBoKswk30XCHY4xXEpej/uiZNK8KmKMG0cjM75bgG9k8tBY687dKWy4x3dDPnKtoDcX9LbC4/fevHFOKyMuSNvA1ySsgIYnUnMtwTfe3p5UoxaytFZmUEW0vdrbG5UALvvqdNqinJ7uGdd4docf6dbkmn8uafQn4JhI5Nr7fvYW9f2roMTNoZLKQuwP78zXMsKpjAUsLqACy8+Vwbf8AFWHCcatG6tL/ABBYIpNyw15A3IHWnYpKNk/iOmWTbtfHT7jbi0kRHdkgPuoJ/wCBr51U+JoXFwp8BuT0U6G/MC9taziVZ9XYFjztr9DWmJ3BsGJPK3L3vp86ZOW52W9Np/Jjw/v+xEhxgjlBY2BBN+Qtc/rUnhgQvnkIKgeFdSSdfFoNuQ6kHpSLi3jkViC8KXJVAADcW1tbwk8/PTe9MeD4rERxF3RrucwdbG3K1lIsoGgGlEoraWslu0u/zH+MhjJDgAMNbm+g9Da1WvsvhVWHMGDM+rEW06DTp+pNcwnxnem8k0ptyCED/Nf3vTjg3F+5dQkqC/4CpXOPUtZvUUuGSxvkz9bpZ5cG2Muf6/KzqFFasLiBIgddiK21op2cg006YUUUUCBRRRQBmsVmsUAFR+IYsRRs51sNB1PIVC4p2iw0Bs73b8i6t78h7kVU+M9qUxI7rIyJvcsLnyI2HrekkpbW0hcOTF50Yzkkr5EnF+ImZjIZCWvb+Fc7cgSwXT00516wWIxEinKXKAavLlyqDsdN/c1iSRFJDDLstrG+Xew00W3zv7mVIC7WPwKAbefIW51myjJcyR2uLPhn8GKSdelOvsI8Nwl2ktnVjD8BIIZlJBAJuTYW2PXlsWiWuQRZxutvqp0zaa23/eVbI6yAXNrEe3McwRfT0qdDwlpsVLGqlYsqvHKbkMPASD5/xD7L1F6FbEzauOFpT4T71/UgK5YWW3SxHXzH+nyrxhewfEYsZHLh5Iki+ItIMxS4syFBbOAdRqNxc6VbcF2XhBAkcli2oBsD5dTt5HSrcBYWqfAlTumunr9zE8S1OPNtUO3N1/QXycPLhlc3UgjwkqbHzBuD5iqpxj7O4Mq/d4srZhmvI3wWN7ZiRe9qvwNYNPx4YY04xVWZOSKycy5OcL9nXLJH65pL/wD5bfSiD7N0UHMpc+clremW31vV/GLjMhhzr3gUOUv4gpJUNbpdSL+VelxKF2jDAuoVmXmA2YKT5Eo3+E0jwv1f3GrBjX/VHLh9nk5dj3SKlxkHekm2t7n5Gtz/AGeSZP7JC5O/etYDra+pq/Yfj2GdgiShmJyiwaxO29rbipq4lC7RhhnUKzLzAbMFPoSjf4TT/L4q39xv6fH6HM4vs5kuMyKR/wDUPXf/AGHLqaaT/Z5DnbJEuQDwBpJN9OjciD8/S1wh4tA8SzrKhidlVXB8LMzCNQD1LnL61PpyjXdifpsb7HOsJ9npvqe7H92Rz9M370ubBzZmiWJy4YqRlPPQEnkDpYnlXVqxamTxKRoaHUPSWoq79X0KxhuyMITxKS5HiOdrE87AmwHpaoPEuxkIDSrdWVfjLsfCAbixJt1uKuteclO2Kugi1ORSTbunfszkUhCgBQNSf3tc+diSegrTMrMvdgkXy5j+I5jlFug0O3IcufUpeA4ZgR3Si5uSosb+1YwfAYIiGVLsPxEkm+17bfSoPIl6mz/q+Or2uznvEIssNipXOAbWsVUA69fIDyrTHE6KMp1ABK8mt5dRTrt3cTqX+AgBbc7atfzubW6UrSfMb9P32+oFQzW10aGCTy4lNrr/ACjUUEq94qhWXxXA0FzzHIE6W6+dRJmiT48qo1zqRlvbXKTsR0099qlFwM4AJWROXU6C4/my/vyqr9p+JRd7h8DJhUw8eHdpD94dyJjJZrt3SMQjHxEAnoStrVJhxeZ3KWs170zS239R9xzttNgo0wmFXPiJQrhmF8qsAEsp3drX10AsSDerN2Z7bQSyR4OJnxEipmnxJsIhYDM2Y2uC5sAoy6ixsK5/xFJZZcWkj4NMRIgkaZM7yS4coCfu5JyZe6Fsos5VTvvSSHgqYl1wuDxGHEbkW7xpUaVhzbPGAxFzZF0Fzzua0IwUY0czmyvLNzfc+iMPxGF2yJLG7WzZVYEgXAvYHQXNSarfYbsjFw6Du0OeR7GWS1i5GwA5KL6DzJ3JqyUEYUUUUgGaqfbDjTqfu8JysRd35qDsB5nryHrpbK592iAjxkneISJArI2a2gULbY8wfpTkV9VNxhwViTMpytqL3sdtfqK9K8J3Rwf7rj9Ct/rTHF2OqxISPzFif8wHzFQ0xM98qAqTpaNApPuoBNPTsyiXhzDfusWZViykqHAzAAFiy5B3irYdQpNtDrWPvMefLGWKv4gXFjltZSeWwv8AKoOIwwF1tnlbRyNbC98t/wARJGp20t1vjFqyyBFF3AVFVRcmyhToNwSDpVfLh3rqa3hnif6Obe20+oz4XAMTOqZrLmzMQfwjXlte1r+dXh3ysbHmbeQ5e1I+xnZ50DzSWVmGUIPY3bXT0H/EvEwRzd5hwzqyLkYjTLmANr/i0sbDkRXO+JQyboxr4et8nQrXPVNOa29qGuEe7KF1OmvTr71YKqfDMAsESxq7Nl0JO53100qx4CQlBf59ak8JyqMpYu/W+xX1Me66EqiqnJ2klnxUmEwSIxh/t55Se7jJv4VVbGRtDzAFjrU1sbioChxPdSRMyoZIlZDGzEKuZGZ8yliAWDC1xoRcjdKdiviWDduITzQgd/BhsK0YJsHBfHB4yejqLa6Bgja5am8BxiTYyeWMkq+GwpFxYjx4y4IOoYG4IOoIIpxHgFWeTEXOaSOOMg2ygRtMy20vcmZr68h76eH8FihnnnjzBp8hdb+EFc+qi2mYuSeRNzuTd1hRB7GNP3C5xGI/HkKsxc+NviBUAadCaj9qsWcNI2IH4sJOvmXjHexAexlpjw7grQ5QuKmMakkRlYctiSbXEQa1z+a/nWzjvBY8UiJIWASRZAVIButxY3B8LKSpHQmjuJ2KxwTCiNoeHrouHxTuV/uLEk4t5CbEx/Kr5SuHg0a4p8WC3eOgjIuMoAtcgWuC2VQdfwL0ppSNioKKKKQAooooAKKKKAOV9v8AGCfHQ4SJs06NaQMQkSxSLGbM7HWTMA65QTqR1FJcfjvu2Klw8ykFQtz+FlIuGU9N+moPMU/+0j7Nfv0/3mGVY5CoV1cHK1hZSGGqm2mx2G1tfH2kYPOMCJQO8c93Iyak37sEBiNRcki457UTxRn1JcfiObTQah0voyqnj00GLGHZLRTqQHYaOjLmDxkaHcbX6WB2nDsfisTI8fEY5miFzh8XEyyNGpN8pUEu8ZB0BUlTe1gTV9w3Ckw2GjwJbvlUHIZFUssY2BsLEgnKCANPSmWBZVaOCMAKqZ2A2F9h8yT7CiO2DpCanUyzrfN83X4OVce+zGSEYZ1xKtkIRmylWKgl0ZVJazAHLa9tFPUVYIfsxweJyTOcTFZQrQ5RGoI3CgpcC53U2PI0/Mv3nGqN447kdNNz7tb2q0swAJJsBqSeVOjJydlGD3Nvsa8NCERUBJCgKCzFmNhbVjqT5mttV08RfEy91CSkY1dx8RHl0vy5/pT+GNVUKosBoBQpX0FjPd06HuiiinDzNLuM8JixKZJBtqrD4lPl/pTGvDUokkmqZSJeyOIX4JEkX+8CrW+orXJwPGi4VIlXqZLkjzIW/sNKu0eIUnKdGt8J5+nIitEsFtRt/XzprkRw0WKT60VTBdlnDB5Jz5iMWt5ZmH1tVh4fw6HDn+DGBmAud2Pqx1qQpA1uBprppQ0gCg3HUeXvTXJsu49Lhxv4Y/c88NmsrDoSf0pBhOKd5jcRh7EMpDg8spWEH3u3yp7w++U+G97jf0qncFIPF8Wdv4XPfQwAj1/0qvmwRz49k+g/NPy8sXHq3+xf8PCosNCd/nTAC1Jw2V0ueYF/U9fenNOxYoY1tgqoSad3d2c2+xmUBMZC/wDbLiC0l99Rlv8A40b+jV443g2mgeJbAtYXOw1Fztvb61zntnHJwviScShUmGc5ZkHNvxD1YDOP7ynrXTcNiVlRZEYMjqGUjYg6ipSJehtc3rbUGXiEKSJC8qLLJcpGzAM9t7Luf9qF4rAZjhhMnfAZjFmGcDQ3y77EH0IpRSdRSrj/AB2DBw9/OxVLhRYEkk7AAb6An0BpDxbt0seKwuHij71Z2jVnzZcneZSoC2uSFdXINrBl60gWXOikHDe1WGxGKlwkTFpIhdtPCQCFbKediwB9dL1K7RcegwUXfTsVTMFFgSSTc2AHkCfagLGtFU7iXbhUxmGw0cfeLMyq0ma2QsFYALa5IV1Y3tYOvWmXC+1WGxGIlw0TMXi1Y28JFwCVPMAkC/npegLHpPSjN1qNjsbFCpeV1RRpcm3/ACfKsYHHxzKWjbOAcptoQbA2INiDYg+hB50oEyiqb2M7RYjFzSZsndBWOUKQ0TCQxqrMT4mIR2IsLAIfxVcCbamgBJxTF2xMEfUsx/wso+pPyqp/aPiAcRgoxusoY+7R2H0+opvjSW4ko6Wt6Zc37mtXHuy4mlEveMJA4ddstwVsDpe3htv51BPURxv4u7KbjkyblFdzbBiO8xGIk/Cq5R6Bh+tifeo+BxRWLEzndiEX12+gI+VY4ZHkwsznd2CD2Nv3PyrfisGoighZgoJMjm+pvsANydbe1CbfIvPkp/N/kk9kcHljMh3fb+Uf6n9BS/tDxgynuYrlL2Nvxny8v1ptjI+8UR96kMQFrBgWI6b2UfP9qzgcPhIfgdM35mdSf9va1SU62roR7XtUFwjdwPAdzFY/G2reR5D2/wBaYxiof/iUH/rR/wCNf9alQTIwuhBHUbfOpY0lSJ47UtqNlFFFKOM15PWvM8ZYEBip6i1x8wRSHG4zF4fxNllj/NaxHrbb11FNlKhsp7eWNeIYFJQAdxqp5g/6Ukw/FWEhhxOhGgbl79QfzfOp/D+0EMmh/ht0bY+jbfO1beN8JWdejj4W/Y+X6UyXxcxGbn/yg+SJPN3Mgjc/w2+CQ8vJjzA5Hz96141/u0gzDNC/L8jc/bnb1pfg3JBweIuPyE7o3L1U8vW3Ot+DJYNgp9GH9mx5Ebeo6eVxTLv+fgP1E3xft7+jPUONMJFz/DfQMPwnT6WtVbgxph4viW5FAG56EQm/0vT3CjvEkwjfF8cf8w5e4+hNVbgOD73HYhCbP3Ry3/Mpi0/w3Hl7UQbrgXVZpudL1tfTsXuGXupowdY5SChH4WuNP5TcHyvTTG8XCSdzHG80tgSqWsgOxd2IVb8hfMbGwNqr/Z897lhe4eF1dL9AwzD229/Kp2E4jFhJcQuKZYc8xlWaQ5Y5FKoo/iHwhly5MpN7KDsadDoS4sjmrf8Aj5C7t4MVLgZg0ESqq58wnJdSpzXC90ATpa2YXudaXfZhjsXJgskUcRVJXUPJIwA2Y2jVDmF2vbMu/Ks9s+ONjojguGq05lIEky37lFBBI722U3trYnS+5Nqt/ZLga4LCx4dTmKgl2/M51Y+l9B5AU4k7nNJGKcdked3meCMMgsAZZGjQJHGmwGaY2GtspLE+I1v+z9G/8T4hi8Yyq8AYSMT4FLMQbE/hVY8oPSuqHAxGQTd2negZRJlGcDpmte3lUF+zmEM5xJgQzGxLkbkbEjYsLCxtcWFKJtOcfaZh8Xi44JhDMYmkKxwKhz5SNJJBbwu+tgfhFr2LMA34l2HxLvgXSREaMyNO1zmVpMhJj0sSoGVb2tkTe1dHopBdpyjsYYcNxTiLSskIiAjjUm38MsAoUbnwRpYDU3HWtX2nYPGYoYaXuZTE0hVIFUlgPDZpAB4XfXfRQADqWrqb4KIuJTGhkAsHKjMB5Na4qTQFcUc54j2HxLy4J0kRe77wzvc5g8hu5jFuVyq3Iy5U3Apb2GeHD8R4m0zJCImEUanTwZ2CBV3PgSMAC5N1tuK6xUY4KIyCUxoZALB8ozAdM1r0BRzXthFPLjcFPikdcFmIKAN/DGhBmy7FjYnkoW296tsPEFydzw+IN/8AMylYEvuzPp3rc8qEkncre4s1FAUcjxWBtxvC4aBmDx/xcTMDZ5mN5Wz2sCCMqgbAPa1gKveP/wCrlOGGuHjP/UNykbcQjqOcnlZdczWj43siGxrY2Od4nkj7uQKqkkeEXVj8DWUC9jtpY0/wGDSFFjjUKiiwH1JJOpJOpJ1JJJoBIUfcD98kmJAAACjqcqgn9RWvi/FEgCvKdyFWw3OpJtyAAJJ6CpGJxgWV0CksbNbbTKo0vvtyvUbEYUYiyyxLlDXsxVrgWI9OlvWsXWxybt0unYsaZY4v3uyXgJFKWtZQBZSLAL770nxeNw4ciXDsVOgc63HK2vhHkDTiOEAX0FtPltbnbypXxLHNGxV4Q0Jscw9NQdxve21O0Le57r/YZq1BR9PpaNEfDcFKf4cjL5ZgPowvU/DdnIbA3dh5kaj2FLY4cFK3hJj20Jt+tx7CpkfBUU3DSgeb2/QCtRV6Io48O/lJfRjbD8KgTVY1v1Op+ZvUytOFVQLBifViT9Sa3VOkiTbt4oKKKKUDNYIrNa5p1QXZgo8zagGIeI9l1Y5omyX/AAn4fbmPrXnAcLxkWiypl/KSSPll09qlYjjnKGGSQ9cpC/peoMkGPn+IiJel7fpdj71C0r+H8FdqF3FO/kbuMTR5bYjui42yM2YenhNvfSvM6GSFWljdGTVZbpmHQm7A+36V4+6YbBL3krZn/DfTX+6v7mk+H7TYaabPiZgqqfBHkcrfzIW3z39KR/P+e4nPfv8AzljSILIFkF1mjYENlNmGlxfbrpfn50pfhcw4jNilACFBIpvoSO6BQ9CbE+fzs4wHEllU5LFAfiB5n/gab1NYaEe1YOo8Ry4dQ4rmKq1+6NV6PHmhuvm+vsZngRpY8RGbMLFujL09bHenmExAdb2tqR8v2pLGfCKn8Lcljb4QNKdo/EcmXPtl0fZdiSWmjjg2uo0ooorfKoVC/wDE4O97jvo++/8ATzrn2v8ADe+2vpU2q72cxCoHgkusxxGIbKQbsGlldGBtZgYyuoOm24tSgNZeKQLIIWmjWVrZYy6hze9rKTc3sflWEx18Q8GX4Io5M1987Sra1uXdXv5+VV3iDAJjIMrd/NLeMZGOclYhG4YC1lyi7fhya2tTiBD9+maxscPAAbaEiTFXF9ri4+YpaFNuE4shw6YmVliVlBJZgFW+wzG3OpK4+Ix98JEMVi3eZhksNzmva3nVUaORMPw9gQndtdmkjZ1jvFMoLKrKRq1rkgDN51v+7EYcSM3fK2KSd8kLotgyAkREsxAZQ97m+rUUNsbY3tBAkKzrLE0RkRGk7xci5iASW20vtU/vvGqgpZkZvi8RsUFwttV8WpvoSvWlfFcUkkUckZzqs8JYqCbDOoJ2vYX1OwFydjXvERn7/A1jlGGxIJtoCZMIQL7XIB08j0oFJrcUgEohM0YlO0edc50v8N77C/tXnF8Yw0TBJZ4kY2sryKpN9tCb61XJCO7kwxVjO2M7wDI2oOIWVHDWsVWLL4r6ZLbi1OBBeXF3W4ZIxqNGGRwR577edFCDqilfDJimFgLA37qMG+98ove9R5ca5NwbDyrP1fiGLTvbK2/kT48Mp8o8cfwgmuEYd9HqADrqAbeV+tVTF9rZYXgRkUkuUctcG11HoCCSTp8t6ecS4a0r96jZJNBe5sSAOmopfj+AnFGJsQwDRkklAAW2tmbY2tyHPeosmt008e6b4f8APuUpYs6yPYqf4Yz4rgZGAmWTYWK8rX3HX3rQvE5Ix/HjYRkWzgXFraE8vrW2KJo1McbMy2+Fjt6G1xUftNGTHEctrKbbb6efMcqfp9RhyQbxduxo4dNOcoxk6bd+vYkR4PDyLmCKbkai6/QWqXBhI00TNbkpYke1zpVP4bxfu4XRb3JTL1F7/UjSmHDcXiWlWM3ubaGxFtzqNdB+1WI5Y8KuS7Pwvy3KXCrv0tUWqFmGgX6fvU0VhAba1mraVGNkmpPoFFFFKRmaKKxQAE1U+1XatsORFGnjYXuxGg65Re3lfptVi4nxCOCMySE2FhYC5YnYAcya5q/DoMZMwMs+HnkYlXfI6sTsCMqleQAB5WvtUOSbXCfIjTfQ3zYQ/wBrj4ZcsoFpkkzZb6i662Hl9DXngfZ5ZHLlS0GpVgAL9Ad+XT5ioU+OxeAlGH4hEcRhwP4Uq3WM35eRGoynb0qN2U7aHDvJh3JTDOxKO6ljCd2AVblgTfQbXvzNQ5IzlGUYOn+5HHbGa3dPT1L7w7BQxMUijCEgEsBe+9gSdTWniHFRErsytmU2CgMc22ospI/bnas4XtDh3TOXCdVc5XH/AGbipH3aHFRaoMji4JAzG+x12/4rk1jk5f7rd3z1/qzoMU8SqunyIPA+K/eUJKlQDlKncEAE35HfltVpwWKjXSxHUnWk/B+F4eANDFHkUWIIvrcEbkm58Jv61Ky23sfenxzPT5N2KvqhcuzI2ldFiFF6ofGO3MWHzQXk7xbDMFFlvb8xFyAbjltS7jP2jI0QTDmZXuLuypew9zqTbl1rrsM/MxqddUYeXUQxycb6HTqK4ke3GLJ/95kUabKh563FunnWxu3OJ5YiQjrlQfSn8+hB+uh6P8HaKjYvGRxgmR1UAEm55enOuXcC+0BkdjiJJZEt4QFS9/mNKkzcR+9L94O5uNQBZQTobctxfXe9MyTcVdGh4fs1WTZbXFnScJjEkGZGDDy/cbj3qRXLeC8SfDktH4tPh/MOWl+QIqfJ2nmLtaS1uVgVF9ANvr5UxZ1XJpT8LyeY4w6JXb+Z0SiqH/7b9yA092U6AoBmJ3vYkC1vSvDfafhfyTfJf/6qWLUlaMzULyJ7JtX7l/orgL9r+JSTO5xzwxFyVWONHKrfQDMBqBzJrPF+1vETI7YbHyhC7ZUdI/CmhHiCnW5It0ANzewftIPPh6nb+K/BtzFKc3QW/SqF2D7S8RZpBiZGxUeW7IETMvQh7oNfykG9tLa1dFxQJ0R1uL2bKSB55Wa3vXM+M4ay71JPjlXyvoaGkyKcaV+/YnYsEJcAmwvYbnkP1rw6G39a1UuL9rZIpREkPfBbFwDYi5uCDre1ifDfztVowmLMsSuq3zC++n11+lUXhWzc0XZYp40nLueC3Ia/vVPxE9ySDlzEmwIy+vn671Y+KYmbuZFEGZiCLo+oBBBsthc22rnsvaCUoiQ4VLL4e8ysXsND+LLfTmLX5Vf8NxRSck124Xb3G49fjwZPji/ev7k04d+9SUEBW5ZeQufhFtyR5ixFtSKmQYzERyCQNt8JVhlI/lyD5HqPbDYtfCQX+Gzd5kzKbi9ghy2+VOOyePjOIMDohD5itwDZwAdL6WZbn1Fayg3OjQyeI4np/OdNPiuO/BdOGYvvYkktbMNR0Ox+tSqALaCitFdDlZtOTaVIKKKKBpmsVmsUAcu+1fi799HDGSO7sdN87XPzCgW/nNVRCxuWLKSNc5Ob6m4qzdoe0EiYzEPgog7hgJJnXPYqqrkjFwFAtq2pJPQCp/HOJvLhHXES4aZst7xxyAppe/iOux6dLVRntk27Iqd3ZFh7VzNh3ws8YmLIVWS4vqNC19Gtvm0215mqvxCNCytGATcAAEnIx0Fr2ve3xa+Vraw4ccECqSMg8SqSCSwN7HqCfDYbadCTcpMFDjeGrjMOWZ41PfIzFiSoBkAvqpt41A0Ph0pMalLm+gl71wV3guHMeMSGcZCJF7yN7XNyN+dj9a6tEbDpsAOg/oVznuTxLBsn/wAdhELRSbmaMWOQk6nQixvuVPNqn9j+1M8sKs+VjqQ1udhvbfXTrpVDxHRTypSxsuafPDTp7+5buNY3uVU3Aa62vfUbnYE+XvS2ftE5ByLETyGc39PEFvelPEpmkfPI3LTT10A2rSFGUkjKuwsfGx/m5eZGnrTsHh2OMEsitmfn8RySyNwdIlJdUmmlVmnOiF9MoIABudMwFxvplFqVzYO67KNRuR1Hvat17KoPwXY5BsRYD56E3Ot6j8SjCgWYam46231HL3rRSpUijkkpVS/nqSJZkCMFRWhUxrqozMSXLuL7MQNOgUedaVwXjeJyDKGIVwAO8tsD5kbN5gG+4xMMsKDfOxckdB4V/wD2+dHEzdw3VIz75FB+opbIm3VGyOQgxKVsNRtrY8utrgG3l60zfGKAqBbWv4rXzA+XKtGNYHu2PxMbH+a1ibee/qTXh3J01I/X/TXT/kVDkfJ2H/zWnxeXLK+ZXXsqFmJxHcsgUg3DDmLLYksTsAANd/emuBxcawg2DK/i+EsxJ6rbT05VGxfDw0Od1BZmyqSNBz8IPkQPO/rXuXBoSFZMt9AyeHXzA0qKVNUdVKSyL+dhvwnF4ZkyyxWN9C5sbaaabU5weCCnNGlha9gwKke4NVDDYRgyqpe97AAkgn06Hz25Grvw7ASxLdSQCPHG3XnlPI/rU+K2c74ljwxyKcUpX155XzOddu+z8S4n75jJDHE5VUiU6uFUXFx8INrk+fW1TMVFhsVJHPNEwhxcPcxJF3mrRElXUINTlJsCpFl9adfabgcOIDjHh76SJAscb5u7DOyrcoLZtSLg75QKqUSTfdVfGSuMf30RwUAIV4lFrWhWwizAtoQCQijyq3TrqzLm4p/8VydC4B2ejwUIhj23LN8TseZ8/wBLVPaEW1v7n+jUXhOPimgjmSTMrqCGO/Sx18JBBBG4IIr3Pj4jKIO9QSWzd3nXOQP7t72/rlXE5Vklkluu+b9fqaWNpJJPgUYns7hppBIyjwm2nP4Tve4IaxuOlMOF4cLI6i+UEW1PMA/93r0YVNCaW/rnevJlAOinnt0AJPPS2W3yqOM5yaUbb7Innle3l8HuOQNsb+dUOdI2xjRyv3KZ3Be17EHQX2W5/EdKtuCxWHKlopEsdfisfkdRpVNx84ndihBGdgCbg/mYk3sLfpatTwlTWSTlF/Xgx/FJx2xcXassGNwfCljy/eLsB8at3hJ81QZfYWpJwPgazzDuMYqlSG+BklABvdQ2jf1etuJ7L4yIFxG23/luSR7Brn5Gk0U0mkhIWWNrrINL+thqfbYm+ldBv+JKUaMqXPLXT3R2mIEKAxu1hc2tc8zblrXqovDcYJYo5Rs6K3lqAalVZLqCiiigDNYvQa1s3yoAp+NxRs6KAsWuVQq2G9mvvnJ1uT/rVC4o97xggCzA5dNSDt5a7HrXQMb2fxExKDLHGGPiY6tqbEAA6etr70n4t2KxBZI4UXIoN5WYAszWuSNSALAAa8+tZix5XcpL2EzdKiivYvBRLwWaXKA/3pCjAeIf2SEA9MubT1pr9kb5cTi4R/ZuWNuQysR/la3sKTdtme0HDcPHI6Ycl5HEb2lmN/h01Vcx66ny1sHYvs9iYMPLKUYSzDu0BBDDORmcgjw2AuL8x5i8yuLXyXJFFNUvQT/Z5iFGOiSNrjKVNunjH+XL8hXjs9hTE09kbukxEgzAeEAswAv1soNvPzq4diuwYweIfEMw+HLGm+W5FyTz0Fh6mrbBwyFIu4WNRHrdbaG5uSeZJJuTvfWpccJOHITxucKZzrFxFrEb7e1aMZfNlsbL4R7c/c6+9WnFdlZEN4HDLyR9CPRufvalfFcJLAjzShIo11Lu4sLnQWFySToABc0jhL0KE8MvRi54wLZtlRTbrfxfq1QcJAuJ76TvB/DIXID4tyHcDmA2Vf8ATnDPaHDTQ4gqs0hiiLNIwCQKNFTNYmRruQAtlzWIOl6T/dO4xOH+7SXCxp38NwJFdFyzgxnUhspJK33ba1Swxcck+PTcXIsGFika4ALAeHysNBrsKYzYTWMnYIPezMB+lT+MYB8KSmU9xfwuNQfJrbH13qHiMVmMaRAyNkAsovqSzcumaoWq4Kc47XtZJ4ShfERoNkJmbyyAkf8A3ED3FWKbBLFgbsoMhANyNQWI2PKwrb2U4CYEZ5f7WQWb+6vT15n26U44hhs6qnLOpPoNf2tUih8JoaeEoQvo3f5Kb2iw5jjw6D4lUswPmbm3nf6LSabEeHW9ybHTUHlp6D9atfG0z42Jf5PlcsfpTfj+DV4ZGyrnC3zWGaw8Vr720qGWHc212NvReLSw4Xjcbq65oiT8HiniWRDZio8YHxHY5h6+9aMDimiJin1vokm4J6En9ax2OlJWSO+gsR5XuD+lNpol1Swa+jXGgB8qlStKSM/D/ufGuJfh+5pxUSuAsq5lDI49VYOp9mUH2rls3DpcAJeKYpBn7w/d4mKszysWyNIVJBEagsLNc25W16qi2WwOgOl/68+dJe2nZpuIQwwM2VVnSQsLXyhZFa3mQ2h61LBljLG42cnwsGFZ1SSNZRLhIsQ5klaJYZzoSZFvZZLqxzAgGQagXrZ2B4vhcNjRHiMGElZ+7Exdi0LN4RdWJGuaxYW0N9RTLtT2Mmhl4lPCloI4YxGBzRhEHA65I0a//bT77LOB4fGcOBxcEcpSR0idl8YjGUgBx4rBiwAvptTpwjOLi+jKybTsu0htcHSwufL+rGkvEcc8TMRpIUKRqd1DEFpHHK+UBVOujE72pzxvhZzjFxs/eRJIRHmPdyHJIEum2YM17/7W5b2R4gZ2ySNeRnuzE6te5JPPfSsDF4ctI97dvt8vmWM2rc6glQ3n4M33ORx8QaJFtsAzBSdPOw9zUTjPDxg8TJDHmZAENjqfhBv6gk+xI86u8+GETNACcjWBvbXS/tY9Kh8YwYfGZj/5kab7EbH/AC/WtKE0sb45XX3KGfE5tP2/cX8B7RYiACNsksZsUuWDBTtY2OnkRp5V64vDFiVOJRShXSaPT8R0cEaEEggkbne1jUnivZ5oVUqNFNxY3tzI15He1eux3Dc7Slr93lKkdSSjW9sh/wAXnUsZNva0QJTvZItnBML3WHhi/LGo9NP2qatA/wCazVgvJUqCiiigAryEr3WKACiiigDN6xRRQAUUUUAFVH7Q+FYWSAzYsSyrECY4I2YZ5DoLBPEzHa+wFz1q3V4xEpVWYKWIBIUbseg9aUD5z4crCWLD4otBE00VsJHdSbul2kF82ibGQlySLaXNbOG4fE8XlkeKRI8WqrIVBKCWxAzqRfI4OUkaKScwsb1duw/2bzLiBjuIMO9zmURA5v4hObM7DTRjfKt9QNeVWTsh2DiwOKxOIVriTwxLb+yQkMy+fisB5KOpp1iUWLgOJeXCwSSCzvEjOpFrMVBYW5a30qZHCq/Cqi+9gB+le6KYKFFFFACNoL8QB6RZv1X96duoIIOxFjWjuP43ef3Mvya/71IpsVVjIxqys9koiks6HdbD5FhTueHduZNYXB5ZzKNnXKw8xax+WnyqZSRjSodgbxqheq3OX299alYVCAQetZjhsxbrtW2lUSxly3wgIqFwXhUWFhWCFcsaliB/MxY/UmptFOIDNVfF9hcEzmWNDDKb+ONmFjv8F8lr62t8t6s9FI4p8MRpMStw2Vo1ZiDMoysdg9iQG52JGvvyoXBNKipIjIyfC+h9Qdb2P7b06oqPyI2369QrihWeFORlMxI6WNv1rbwjhohV1vfM5f5hR+1T6KdHHGLtBS6hRRRTxQooooAzWKKKACiiigAooooAKKKKACiiigAooooAKKKKACiiigAooooAKKKKACiiigAooooAKKKKACiiigAooooAKKKKACiiigD/2Q==', 'Summer Collection'),
    (4, current_date, 'Shop now for Mothers Day gifts!', 'data:image/jpeg;base64,/9j/4AAQSkZJRgABAQAAAQABAAD/2wCEAAkGBxESEhUREhIVFhUVFx8VFxgXFhcWGBcaFRcWFxYaFxgYHSggGBolGxgXITEhJSktLi4uGCAzOjMtNygtLisBCgoKDg0OGxAQGy0lHyUtLS0tLS0tLS0vLS0tLS0tLy0tLS0tLS0tLS0tLS0tLS0tLS0tLS0tLS0tLS0tLS0tLf/AABEIAOEA4QMBIgACEQEDEQH/xAAbAAEAAgMBAQAAAAAAAAAAAAAAAwUCBAYHAf/EAEEQAAIBAgMFBgIHBwMDBQAAAAECAAMRBBIhBQYxQVETImFxgZEyoQcUQlKxwdEjYnKCouHwQ5LxFTNTFiSywtL/xAAaAQEAAwEBAQAAAAAAAAAAAAAAAQIDBAUG/8QALxEAAgECBAMIAgIDAQAAAAAAAAECAxEEEiExQVFhBRMicYGRsfCh0cHhFDJS8f/aAAwDAQACEQMRAD8A9xiIgCIiAIiIAiIgCImOaAZRMdYy+MAyiY5RGUdIBlExyjpGQQDKJjl8TGsAyiYZuukzgCIiAIiIAiIgCIiAIiIAiIgCIiAIifCYB9mJbpPmpmQEA+Zes+gT7EAREQBERAETlts764egxpqGqupsctgoI4gsefkDNPA/SDRYgVaTUwftA5wPMWBt5XlcyOuOBxMoZ1B2O1icTtnfpKVU06VMVFXRmz2BPPLYG/nOn2PtOniaQq0zodCDxUjiD4yVJPQzqYWtTgpzjZP7ryN+YZemkziSYGObrMokdrcPb9IBJE+Az7AEREAREQBERAEREARE+EwD4TaAOZgDmZlAERK8bWo5mQtlKnKc2gvy14QQ2luWE1sXigg1FyeAmxeU20sRmbLb4ef4zkxtfuaTknrw++RrThmlZmym1F5qR859baa2BAN+nSc3vDUxS0gcHSSo9xfMeRBuRqATe2lxzk+z6lVqSGuipVt3wpuBrp8vPzM8p47ERhdyjy6/r12OnuIWT/k6jD1Q6hhOb21vnQoVDRCu7DRipACnpc8TLbB1gtFiOKgsfO1x+E8aSsc4qNqc2Y+JJuZ69Oq5Uoz4tHT2fgYV5Tz3tHh5meGA1uhcjly8SZr4jGpcLZVY6i1/+JYYGoquy30bgfy+co9u4Bgwstzwv4cpCtc+ilJ3btroZYXaVM3JFgOTcx6ay0wu1WC3oVHRWN2CsQCRw6GUFPZjZ1XKWHMj1vLvD4LIy0xa97kcba31Ms7cCLuX+6++W1j07cLalSvQPaks1NstzxIIBF+pGonUzyXYe87YVmCorU3fMeObkO6b24C/Cerobi/XWawldHzHaWHlSrOVrRlqvx7GcSOpVVdWIHmbfjPqMCAQbg6gjgZc88+lekK15lMGHMcYBnExU3mUAREQBERAEREATHjDHlPogH2IiAJxO26TCu7aWDXOmttD62nU1toItRaTXBYXB5a6ASo3kwgDCrcgEWJuRqOF+XD8JCknsY4qEsiduvoamztqNSY3N6YGo48dbr6cvGdBVwKOc4J1104G/OcVTtfIDcE5r+XL3A9J1+7tUtR1+yxUeQMpUpQqrLNXRnhask8pp1lamxGo6eI5TYo4BnGYta/UXkG+O3xgsP22UOxYKik2BPFteVlB+UusNULIrEZSVBI6XF7ek4I9lQUm5O8dbLax3f5V3lW6tcww2FCAjjfj4zkdpbsYACvkP7VabOE7TVO6SpyXva/WW++G31wWHNTQ1G7tNTzY8z+6BqfbnKH6Ot32scdiLtVrXK5vuNxY+LfIW6z0YUYRhZKyWxnDHVaVZRpPV6y14f38HC0Ah0e4B4EcvObDYVyLB1Ycu9/lp0W1dxMQrnsMr0ye6MwVgOhvobdbz5s3cLEsw7UrTTnY5m9ANPnMMkj7B4/DOOdVF5bv2OfJZRZqoHgpzH/PWayVSLgaX97ecucZuhjKbFRSLjkyEEEdbE3HrNnZm5eKd17ROzS/eJIJtzsATrGRl/8AKw6jmc429Pg193t2atdw1RClJe87sMtwNSFvxv14CdTtfeR2BFIlEBtfgxs1j5CW2+GKNOgAPtsFtzIFyQPacXSQu2liSdEyk6+HUyZeHwo+P7R7QqYmavp0RKKL1XHVrLZrknXS+vjwnpVJAqhRwAA9tJzu7ewzTPa1VAb7KjlfmfHwl7icUtO2a+vSXpqyuznoU3y1ZsxI0qAgEHQ8JJNTUwbTX3mcTBdNPaAZxEQBERAERMXgBesyiIBo7X2gmHpNWe+VLXtx1IGnvM8Hi0rIKlJwysNGGv8AwR0Mp9/6ZbAVrcgrei1FJ+QnkmzNq18Oc1GqyE8bcD5qdD7TSFPMrnnYnGuhVUWrq1+vE9YrbFxDNrUDW4MSb+1tPKdDVohlKsLg8Z41W302g2n1gj+FUHzyzGjvjj0OmIY+DKrD5iVp4TJe3HzLVe3KdRJSi7Lol/J6JtDYVX/Tsw4i5swPlwPvLXYGHNOiqsCDrcHiOX5Tld1t+u2qLQxCqrsbI66Kx5KwPAnkeZ6TtcZilpU3qsbKilz5KLmHFp2Zph3Smu8pvT49Dz3eK+P2rSwg1pUNX6aWep/9E8yZ3W1dq0sOoao2pNlRQWdz91EGrGeb7g4mu74irRo58RWaxqPpSpKSXYs3FiSR3Br3Rwl3vZSGCwlSs9Q1cTW/Zdq2hAe5cIo0pqFDWA52uTLtaqJlRqWpyq87u/JLZdfjqUWDZ9tY8M65cPRFyt72W+ik8Mznj4Kek9YUAaTz3ZdcbLwFEil2mIxLAhL2uWAygnooyi3VvG81Nr75401Uw1IU0ftOzZ0vUR2uoyrnUWC5gG8echrM9NhSqxoxvU/2dm/N7Lloup6FtPHpQpPWe+WmuY21OnIeM08VvFhaaoz1LdonaKArM2S18zKoJVR1Okq/pMxipgaiFrNVKqg5tZ1ZvTKD/hlTu/iaS4PFY6qQFdBQTN9yjSFNVA/ectpIy6XNp1mqjppra+vDf+l6lrv9ts0cEKmHqd6syrTZNSQ3eJU+IHHxnS4a6oiu13ygEmwLMALm3n0nj+0KdWiNnfWqncVe07MA2p01ZG1+9UYXv00HjLDeIZ6Pa11LY3FshoqL/wDt6YcGmB91mtbqST0MnJsYrEtSlJrZLS/S/Xduy/o9OrYilnWkzJnYEqhIzMBxKqdTac3t/exMNXpYelSDlqgSoQcoQsV7oIGr2YEjkCOsqMfu/jaeNStSzVmZMgrVGBFJ2uruV00Ck2UC2o8b6e+GzxSxGz8LRIzKxbM92zPUqoS9S2rEspJ66xGKuXq1qii7KzTS/K9H99PSsXnyHJx/y9vGcttvavY0nq1czCmL253JAsL+NuMuqOzjSRirtUqvbNUY95rcgBoqi5sosBfrrNKpgGqK2dbrY3DC+YdLHjMJnsYVxSvK2/qVuxdrLiqK1UzBSSLNoVIJB4acec6/C3yLmNzbjKPZuzQUyoAirooAsvO4AHCXmFo5FC3vaIonFSi3aPBk8jqDmOI1kkS5xmKm+sykVPQkeo8j/e8lgCIiAJjzmUxXnAMpXbc2kMNRauUZwlswW17EgE69L3ljNfG4ZaqPScXV1KnyYWMIrJNp5dzjsR9IOCdGVqdVgwKlcq6gixHxTzrB4dKlcIgbIWuM1s2Ua2a2l7C2kj2hgnoVXouO8jZT49CPAix9ZabrULs79BlHrqfkPnOtRUVofMVa9SvJRqW06e5qbY2K1Il6d2p8TzK+fUePvKtKgM9Go0Wc2VSxtewFzYSi2pu8j3ZO4/MW7pPiOR8vaFITpX1KHZ1Nmq01T4iwy+BuLH04+k7DfbeariiuFwo/ZVWyBudYhgO70p5tL87HkDfe3O3SonDVRVcGtVUoSp1pKbju35nmeB4cL3u9gbqDD1TXqVO1qBQlPuBFpIBYBFubG2l/E9TfOc03fkehhsLUjTyp6S36Ll9/hlvsHZi4XD06C/YWxP3mOrH1NzOK35U4vaOFwI+Ed5/5rs3rkT+qejTgN2l7bbGNrHXshkHhqE/BG9zM4vVs78RFOMaa2bS9Fr/Btb5bBxdfE4ephyoVFKXJ/wC0W0Lgcza1rc1Ep8BgqS7TCDShs+lcseF8uZmb94vUJP8ADPTZ59tPcXE1MTWZMQq4fEMGqjXP3Tmy2tYgG9telwbRF6WKV6LUs8FdtpteS0/KTfkUm8dZsZhq+PcEUwy0cMp5L2gLt/EbW9xyl7sndo1qGCVsv1ZE7RkN8zO7Z+HCxBtfoWH2psfSJg0o7LNOmLJTZAo8AfmfGdbsymFo0lHAIo9lAkuWisVhRTqtT1eVX6u7ftp7Hn2/2E7faeEw54Mqgj901HLf0qZb7K2NXrYxsTiaZRaTsyKSDnbVKZFie4lMC3C7Mx0ke00vt3DX5UCR52rj853EhvReRenSUpzk/wDr4SsYVXCgsdABcnwHGeVIrVdo4LEOTmxDGsAfsorMKSgcu4oPmxno+36bthq60/jam4XzKkCee7v1PrePw5pA5MHhlUm1rN2ZBGvPO9rfuGIcWMVrKMeqt76+yPT6dVWvYg2NjY3sehmrtPaSUFuwJJ4Ac/XgOMoNlfWQSqKRcjMWU2Fut/8AmdLi8KtVCjcD8j1E56NTvFe1j0cTRdNtRaf3iUa7xNfREsBc9785Y4DbNOpobqTwvwPkZS4rYNUH4Q4OhItfwNjwMUNg1WsSMlurX9gCZqedGdZPVHXRIcNTKqFLFiBxNrn2k0HYQ1NGU+nvqPw+cmkWJ+Enpr7ayQGAfYiIAmKcJlMV4QDKIiAUW392MPi9aikOBYOhs1uh5MPOcfT2WuFL0VcuAx7xFieHIdOHpPTJwQwrVKrpdQ2ZviNrm/AeM1hJnm42lG6lGPib3Nvdyh3+2a4VNB4s2gHz/CYbysDiGtyAB9r/AJywCZa1DCi9kOZjwzNYtfxAt/lpo1cKa9aq5OWmrHM54ADTTqbCL63M5Qapd3He/wCba+2xW0EfVkDd3Ulb6eo4S1we8dVNHAceOh9xx9pZtXFKiiUFs1U2S/Ejm7X8NfUTQxyYakxFQNUqHVspyKpPQD+8XvwHdypK8J258vLrp0+S2w236D8WKH94fmNJobvbGFHFYuuro1PEFXWxuwa7lweVrtcHxle+Ap1EapQLXTVqZ4gdQRxmKbErkBgF7wDDvAGx15yLI0Vaq2m45rapr2O4icO2Axaa5XAHRv0MHC4y1yKlgL6seHvIydTX/Llxps6LeTYq4zDth2YoGIOYAEgqQeB8puqyU1ClgMoAuSBwFpxeEwdesCUuwGhu/wCpk1LYVVmK3UEcQW1+V5OVbXKrEyfijTevH6jZ2hQonH0sb9YTLTpmmUALEk57EFf4z7Sxq7y0R8IdvSw+cp02QmYIcQmYm1hdteFuUlwOyKTs6NUbOl7qoA0U20Jvx094siiqV7vKkrvnfX35I2Ku9DfZpAebX+QE1G3ir8gi36L+pjCUsJVYUwKiluDEqdfECfdmUkp1aiVUDBQbkjRQOevXQddZNorgZ560mvHo9Loi/wDUGI++P9q/pJaO8tYHvBWHlY+4mWw6A7OrVCB6i6KpF7eNuZ4+0ywWOSrnTE5AAuhy5WB8DyPhJ05EQdS0W52vty97/s6LZ+OWsmdfIg8Qehm5OV3Qc56i8ioPsf7zqplJWdj0cPUdSmpMRESDYxcXBEjwxui+UmkGD+Eev4wCeIiAJivCZTFOEAyiJHUqBQWYgAaknQCASTmdv7FZmNWmLk6svPzH6TDae9BBtSXu83P4henifaVq7x4kcXXwJUZW9v1lO+SZzVu7qRyyGC2k1Oorvd8oK2J1APG1+cscMPrTABlSkjX7K/eI45j1ufzkVDaGHxRyVlFOqdAynieXn6yLGbCrUjmXvAagrxHpx9ptGUZao48lSC/6j99eC0N/Z+I7XGEsCMqkIDpa1hw62JPrOdxDlmYniWJPvJKWKdagqAnODe5187+k3qlbC1TncNTY6tlsyk8yOYl7WMXPvY2vrdvXjf8ARNuqtnqOfhVTf1N/yMg2TVariaRY3I04DQKpI4T7itoU1pGhQBCn4mbi0n3VwrGr2lu6ARfx009jIezZpDWUKcXezu+W9/wQV9osleqRqCStiTbja9vSbVFalTBWXMzB+pJt+mspcWrB2zAg3JIPHU3l1gaVT6nUChsxYFbXBI7nDqOMl6JFaUpSlJO9rS0PmwtnVkrKzUyFsQSbcwfHraQbNOXGfzsPfMJjsEVGrodSFPe1OlwRreTnBVBjL5ftFxcjVQwuePjIe78i0F4IOKekv1+hitlWNepnW6ksoVu8O9fvDlpId26x+sC5JLAgkm5Ol+PpNjaez2Nao61UVW61LXFhcEDxExBoJWpsKigU0FyqlgzahuHM9YvpYs4Zaiklaz576/om2bgaK1jlqZ6iEkJYoL68zxtKPGVWao5cWYk3HTw9Jt7SxFPte1os2YtmNxYA6Wt842lj6dbvdllqG2Zs2mnhJV7mVRxcXFNKz4ap/Luv/D5hqFanT+so2UXtodTrbUWsReWODrjFhqdVFzquZXAsfX3Eq8JtJkXsyquhN8rDgfA8pK217Ky0qS08wsSLkkecNMmnUhFLXS2q1d38b21NndFrVHJ0GW/zEsqW8+GeuuGpvndr6pqq5VLG7cDwtpeedbz/APZH8Yv46HjNz6LcCXxLVrd2khF/3nsAP9ob5SZQVnJkYfFzUo0Irjq+m/1nq0REwPaE1sD8Hqfxk7GwkOAH7NfKAbEREATFZlMOfn+UAzlPt/ZtSugVKgUDUqRo3S58PKXESGrqxDSaszzmrsfEUwc1OoddAuo8NU4CYUtj1GyqtJzrqSpA014toNZ3u0MclCm1WobKouT+AA5knlOI2zv12lJ1oLUpsSAHNtBztY6NaYunFcS+H7MqV34E7XtfgvvQ6LYm74pN2tSxe1lA4Lx9zrOgniiYqqDnXEtn46VGB/3X1nR4Tf6olEK9MPUBtmJygrYWJA+1e406S0JxSselPsarBLumpfj114HeYzZlGr8aC/UaH3E47eqnh8EoZqxzN8NO13bytwHiZ0u7W2VxdHtAMrA5WW97Ea6HmCLGUm7O77tiKuNxi3rZytMNqECnRl/AHoL85vCXG54eLwzzd24+K9m+VvnouJyWEr4yvVNJFp03GvZvc1bFQwOXTkQZv1K+Iw9vrCFBe3aLnCAnQZr/AA3PPUTHchvrO1q2I5DO4/mIRP6T8p6bicOlRGpuoZWBVgeBB0Imkp2ZwUMIqkHJSe7S624nnruSbsSSeZN7+pky7QqgBRVYAaABiLWlruNiWXt8C7FjhKmVSeJptc07+Vj8pY4verBU1qN26MaYuVRlZjrYAAHU3sJDlraxaOG8ObPb+t+PA5ekH+zm142vr7SUYGu3+m581P5zpt2NvJjaRrIjIA5SzW4gA3BHnI13iQ404EISQmcuCLA8cpHLQjXxhyd9iywlNxTc9Hsc7W2dUTL2mWnmOVczot2PAC51PhLCnuzWPFkHqT+U476R8Y2JCVwf2OZ6dEcnCAdpV9W7o8Evznqhx1MVBQveplz5RqQo0u33QToL8bHoYbdkRRoUpTlF3srW13uU6brfeq+y/mTPONv7fKV6lPDkdmhyhmFyxXRj0te9tOE9Kx+8dJKj0HBUAWDgg8RYmx6GeabS3Rq0l7WiRiKP/kTUj+NOIPl8opTUnqzPG0lGK7qO2/MqztzFH/U/oT/8zJdv4kcXv5ov5Cat4nRlPIVVm3iNtPWTs3VeIOZbjhfkfPrPXdy0wy4ZVwzh14ueDFzxzj7J8OgE8Xlpu9QxhqBsGHzjTMmi+Tk923gZScLrc6cJiu7q3y3vp19D3SfZX7G+sdmPrOTtOeS9vW/Py0lhOU+lTurmvjGsjeVvfQfjJKK2UDwkGNNyifea58l1/G024JEREATB+vSZxAESNDy6f4JJAOL+kbDV6iUhSRmUMxcKCxvYBSQNbWLzz9GAyqwIyv3gfQG/iLGe5meGVKl6jmoPiY5uoJNyfO8xqrW59H2PWc6bp20jr1d7/fKxp7y1SpuDl1FrDjpKyhtF1YkgnmB93XnpOhqYZmta1RRw6+RHGR/VaaMXNJwzaamwlE1bU9Oz0s/vubWytu16HfpNkzWZlsCpI6gjTjytPUtr7RKYJ69rHscwHRmXQe5E8lzBBbusSQSOK2BvluON/Cdfvnto1tkq5XKazhCBw7hZjbw/Z/Oa0dXY8Pt9KFFVox2vd89NPj0MPodwllxFXqy0x/KCx/8AkJ6Pecn9GmFyYBDbWozVD6sVH9KiY767ZcAYLDd7E1+7YHWmh+Jifs6X15anlN5eKTPmqDVHDxb5e7fD1OUxG0rLtXF0z3ar06KMOdyVYj+XX+aaGKwqNhCAB2WEQAsLd+viGXNZhxVAbW/dHWei4LdKguCGCcZlPedgbEvcHMDysQLeAtOc+kLZ1PCbOp4egtk7UXvqWOV2ux5kkCXTTdjmqUZxg5ytbK/dtu3lez9Dd2BjVwGyFrNa9mZR95nY5B7W9AZyWB2dj1xJplXFXF07GrY2VKhV6rXtbMACtr6e0tabLtHFYbCUbthMKiljYgNlUDW/UgKL/vmeoyt8vqaRpKtazso2Stx5/pPz5nl30nYVaf1HDUgAqqyqDw40lW/5zvdi7KXDqdS9Rzmq1G+Ko3XwUcAvACeab4Y1sRtCmf8ASSqKNPxNN6fan/c1r/uz1+JaJFsMoyrVJW4pL0X30PMMW5LvV55zbxGYgj1JPym7srar0mDqpKn4hcaj349JjtbDZK7U+AU5/Rr5Pz9poUGbgLWPeUG/C/X25c55+qZGsZaHZ7S3WwWKHaNTAZhfOhyE35m2h9ROXr7iYZXI7SrYfwX9O7Op2BUephSvBlYrx4jQ8fW0gxVKpldEISoQcrMMwU20uOcyxmMrU8sael+PDy29ztp4PD1vFOK+CHZW52z01ymoR/5Gv7qLL8p1FKkqgKoCgcAAAB5ATlNmrWFJVxBRqovmancKRfTQ87TqcMhCKCb2EvhMZOvKUZLbir2/Jo8NToK0LJdCeIkGKrZFLe3meE7ipDT71Vm5IMo8+f8AnhN2a2CpZUAPE6nzM2YAiIgCIiAR1NNffykkSJDY5fb9PSASznNrboYbEMahDI7akoQLnqQQRfxnRxDSe5pTqzpyzQdn0PN9u7jtTphsMWqsCcwOUNbS2UC3DXTjrOTqYCqrZWp1A3Qo1/a2s9ztEzdNPY9Oh2xWpxtNZur3PPNm7gFgj1qhW4BZFXvAkXK5ibeF7Su+lZ1pjDYWmLKiM2UeNlX8G956mDKPa+62ExNUV66FmVcvxsFspJFwD4ma07Rdzye0a2IxlPJKV/wl7FJh9sutKlgsAgrVkRUep/pUjlFyzcC176D5nSXe7m7y4UM7MateprVqtxY9B0Xw/tavrbSRF7LDAUqY4ZEAv5aafjNLDVXeojZ2cZ148zmAv5A2hvgcKqRUk3q1tyXl+3r5HdTR2rg6FamaddVZG5N15EHiD4iT4uuKa5iL8pTbRxocBj3QoJNzoB1vKOVj0qdF1N9jd2VsvDYSmVooqKTcm5JY+LE3MnxuNVKNSqCCERm4/dBM5zCbRp11DU6iuq926m4B42+c2tr4dvqGJym5ak2i68FN/W0KWZirQVGm+a2VjhMTQy/9HB1LN2jdSatam5PznsM8lNQYjHbNpJqKVGkTbkVXtT6WCe86vb++Io1DRpU+0dfiJNlB6aDU9eE0qSSSucfZ1CdWc401e1vxFfyW239kdundIFQCwPUcwfy6TitoUnpkKVKuDoD5H3FhNDau+VepVDiqaIVfgVrjTiSDbNfxm5svek4isv1g03onS+ULkuLBlPxDXjrznNPLJnq1+xa2TNdXtdrj5dWdduWSaTkkEF9LC32RLbE4AOc17HnzvNfYWHopTvQfPTdiwNwRroQCPES1kyowqQyTV0cNPNDTiaJ2bT04+/GboFp9iTTo06d8iSvyLOTe4mg37Spb7NPj4t/b9Znjq5UBV+NtB4dTJcLQCKF9/OalSeIiAIiIAiIgCR1EuPwPSSRAIqVS+h4jj+o8JLIqlO+o0I4H/OU+Uqt9Dow4j8x1EAmmhtTCNUWwcrbU2F83hN+JEkpKzJjJxd0UO7NBgHYggGwAOnC9z85s7wVitKwNixt6cT+nrLWUm8WDqVQiot9Tc3sBw1OusrThkjlIxVR1M0ras5ioW4Zri4DaAcSBb5y82BgSX7QjuDh4tw08LfMSbZ+7oUWqG4vcKL2431MsdpYoUaeYAfdUcBc8PSWlJRV2ctDDSlJXXkjarqCpBFxbhOVx+FWtTek18tRShsdbMLaHrLTYm0KlRnSpxAzDS1uRHzEsxhUDZgov/nKZxaqLMj1IyeHk4vfocRuzu+mEVqaOzl2uS1hysBp/ms6rA4JgTntlIsV43v1kx2ambNqNb25TellHmK2Jc9uO5ydLd7C7PWti6NNiyoSoZiQvgt+AJtqb6TgKtftXepUIXtSScuih/EX4c/Wex4zDLVptTcXV1KnyYWnA7w7l9jRFSgXqOrXYEAkr4KBy/MxVUpanX2PUw9C8H4W2kuX9annlfY5LnM4tyN83O54cpavZbqBbQDpzvcjly06S32PsTE12AWl2a86hQgL5X4nwEvdmfR+2a9eopW/wpds3mzAW9vWZWlI9qpi8PQbUpa8lq/xp+TotztmPh8MEqfEzFyOOXNaw87D5y/ny0+zoSsfJ1akqk3OW7dxIMTiAi5j6DmT0jEYlUFz6DmfKauHw7O3aVP5V5CChJgqBuaj/ABN8h0m7EQBERAEREAREQBERAEiq0g3gRwI4iSxANZK9jlfQ8jyP6HwmzMHQEWIuJr9m6fD3l+6eI8jANuJBSxKtpwPQ6H+/pJ4AmDKDxF5nEAgTDIGLhQGbiesniISsG7iIiAIiIAiJBiMUifEfTifaATzTxWNC91RmboOXnITUq1dFGRevM/pNnDYNU4DXrzgEWGwhJz1DdunIeU3oiAIiIAiIgCIiAIiIAiIgCIiAIiIBFWoK3xC8g7CovwPcdG1+fGbkQDS+uMvx02HiO8JImMpn7Y9dPxmzIXw6HiogEisDwMymkdnU+lvIz5/05eTOPUwDemJIE0v+mj77+5n0bLp87nzMAmqYymvFx73/AAmu20QdERm9LCbCYKmOCiTKoHCAaOWu/EhB4cfeSUMAi68T1Os3IgCIiAIiIAiIgCIiAIiIAiIgCIiAIiIAiIgCIiAIiIAiIgCIiAIiIAiIgCIiAIiIAiIgCIiAIiIB/9k=', 'Mothers Day Gifts'),
    (5, current_date, 'Dont forget to celebrate Fathers Day', 'https://static.toiimg.com/thumb/resizemode-4,width-1200,height-900,msid-92257176/92257176.jpg', 'Fathers Day'),
    (6, current_date, 'Get your back-to-school wardrobe ready', 'data:image/jpeg;base64,/9j/4AAQSkZJRgABAQAAAQABAAD/2wCEAAkGBxITEhUTERMVFRIVFhcRFRUWFhgVFxgYFxUXFhYVFRkbICkgGholGxYWIzEhJSkrLi4uGCEzODMsNygtLy0BCgoKDg0OGxAQGy0lICUrLy4vLS0vLS0tLS0tLy0rLy8tLS8tLS0tLS0rNy0tLS0tLy0tLS0tLS0tLS0tLS0tLf/AABEIAMkA+wMBIgACEQEDEQH/xAAcAAEAAgMBAQEAAAAAAAAAAAAABgcDBAUCAQj/xABLEAABAwICBQgEDAMGBQUAAAABAAIDBBESIQUGEzFBByIyUWFxgZFSobHBFCNCU3KCkqKywtHSM0PhFRYkJWLiF2Nzg/A0ZJOz8f/EABoBAQACAwEAAAAAAAAAAAAAAAADBQECBAb/xAA3EQABAwEDCQcEAQUBAQAAAAABAAIRAwQhMQUSQVFhcYGRsRMiQqHB0fAUMlLh8SMzQ3KCojT/2gAMAwEAAhEDEQA/ALxRERERERERERERERERERERERERERERERERERERERERERERERERERERERERERERERERERERFgq32Y89TXHyBRCYUY0trtFE4sYxz3DjkG9e/wDouSOUGTjEPtf7VFjC6SUtaLuJIHHjYKX6N1CJsZngf6Rzj+g9av6lnsVnaO0EnjJ5LzlO0W60uJpGBwjzlGcoJ4xesH9FnZr/AB8WHyH6rojUmltbn9923/CtabUKA9FxHeAfZZc3aZPPhI5+67OzyiPE0/Ny+x6+053gjwPuBWxHrrSHe4jwd+i5x5PmfPD/AOM/vXk8no+e+4f3LBbk78nefsgdlL8Wnl7roy68Uo3OLu4H3gLl1XKCP5cRPaSG+rNH8nvVKPIj9VifyfP4SN8SR+Vbsbk0aSd+d7BaPdlMj7QN2b6uK0ZNe6g7mtH2v1XxuvNV1N9f6rb/AOH0vps+0f2rLDyeu+VKB3Xd+i6DVycBgORXOKWUicTzatVuv843safG35V7/wCIcnzQ+3/tXYg1EgHTc49wA9uJdKHVSkb/ACye9zvYCAuZ9ewaKZPl6rpZZ8oHGoB5+ijUPKE75UXkb/ouhTa/wHptc3wPuB9q7w0BTfMt9Z968v1dpTvhHm4ewrndWsjv8ZG4robRtjf8gO8LBT61Ur90gHfb2A3XRj0lC7c8HzXKm1Oo3fyyO5xP4rrnVHJ7TnoPc3vsfZZRxZSbi4cAfVS51qGhp3EjqFIqnTEEYu+VjR2uAUfquUCkb0C5/wBFpt96y5r+TXqn+6R7yvI5NjxmHkSpWU7EPueTwI9FC+pbj9rAOIPqvNRylH5EB+s4D2ArRk5Rqk9GNo77n2WXVbyas4z/AHD+9bDOTiDi8nwt7ypu0sDdE8Coezyg7xRxCjD9fqs+gPB36rz/AH7rOtvk79VLxye03pP9SwzcnEB6MhB7Rf2ELYWmx/j5ftYNmtv5ef6Ubg5QqodINPd/W6lmquuLKp2ykAZLvbbovtmQOpw6uPqUD1o1Zko3NuQ5j74XDrG8EcCtDQTy2ojc3pBwI8DdTPs1CrSLmAYEgjYoKdqtFKqG1CcYIKvpERUK9AiIiIiIiIi09KtJhla3pGNwHeWmy3EWQYMpE3KrdRIw6rBPAuPqdb2q0lWepbQytwDdm0eDCfcrMVjlW+0TsHqqzJIizwcZM+SIqy0pWTOkmBq5qepijdUviDhJAA3oxsILc3NLDmDv61JNTdNPloG1NQbloeXOsG3awk4rDIZX8lUtqgmFf1rE6nTFSZvAi+bwSNEEECQQTo1qUooTyZ6efVQy7U3kZMTmSbNfzgM+AcHgdQAHBael9e3Y6iKOCQxx44jOx3Oa+zgHhtswHA8dwv2LHbNzQ46Vk5Prdu6iBJbjfG7GJnQBedAKnzJAcwQRuyz3Gx9ayKtqVjo6PRUQJ59THK6xIJG0L7G28c8HwClusWm/g7oGNbjknlbE1t7c24xO8LjzWRUkSdnmtalkLX5rDM50aLmkieMTs1ruIuVp6vlhiL4YXTvxNaGNyPONsRyOQ7vLeo7V6TrGc6qkEA2T5iynY2R4DHxsDXPeS3ETKNwtkcwsueG/PgUdKzuqAQReYAm8ncJPGI2qbooxV15gjYyOWWeoqT8RtQ0kXaDicGNaGxtFicr58Vm0Pp/aSGnnjdDUtaH4XdGQbnPiN823ByOdu42Z4mD82b1jsHlpc28Y7YwmMYm6f2pCi5undIfB6eWa2LZsLg3dc8Aey9lBtXtY9IPkjkldHJFI9oMDW2lZHK4tbLYC4YDbeTkRe1wVh1QNICko2R9Wm6oCABrOOm79wMBMkKy14Y8EXBBHWM1XmmdfSfhMbIH7JokgFQx4Nn2cwOAA3YrG98hY7zZdTVypdBFo6I/w5opAex5DZo8+7GPELArNJgfL4W7rDUYzOdcdAuwDS4zBuIEXG+/QpkihGv1dLFPo8ROcA6ezgDYHnRtAd1iznC3at2r09LtnCmiM0UBLKgAc4vIyZCb2LmnpA8DxKz2gkhR/SvzGvBHeBOqIJbecLzh/MSpFxqDT0MtOalpwxNBL8Qs5haLua8cHD3i17rjw60yMG2nheKWVzTFIGm8bHc1pnFzYE2IIvk7uCyXtxlats1VxLYvBiMDOoDSdmPMKYooFyi6dnhdRtpX22ry42scQBZgF+LTid3qerIeCSNSVKDmU2VCRD5jgYvUG5U5BsY28cRI9Q9hPkobqTSbSsiHAODvs878qkPKu444hwLbjvBN/xNXP5MR/i/qu9hV7R7tiJGo9YXm63ftwB1jyEq2kRFSK9REREREREREWKokwsc7qaT5C6JMKtNV3X0g09ZJ84yrQVUarPtXs+kW+rCrXVnlURWb/AKjqVV5IM0Xf7HoFU3KNo57q12B4YJaUPeXYgMLH5jIEk8xmVuK26fWD/LamnEQY6CNsIwHGx4kIZcEfKNySO3vA6fKAJ2zU0lMzHI4S01rYum3m3G7K7jnllnldb2g9T44adkbiS/asqJXZHG6M3DLn5IIHr6yqEMdnuzfk4fNm1ewNppizUjUviCBN/ddDiY1tECcZuAzTOlomm+B6QhiOTailZH2GaBrQSfqM+8ufqdQ02NxqHNFQysmZGHOw4i5rWluH5Xd+qwzau1sGKpmlMxhqGTxhpc8kFxEuVubcFlwOo9Swa56tVTah7qWPaR1EgkxBt3RPPTs75AJN8WW4dWeLxfm4HDf++q3aKdQ9n2o7zQC6YBLccdGYQDOOaQMYXX1hqI5ZqJtI9rRFLNCHNA2bHthYW2HRIbcbssiFt6sUklRK2tqSHbOPYQEAtD7ZPqQ3hiOK2QyO7ctXSGqGClpIG4nBszBPs7hx2owSSBwFwASOzDv3Lt6G0JPTPDW1Dpaa2HZy5uZhHNMbhw3DDYCykaHZ3eGrnA6Llq1aXYZtN2ggSLyM4k3jAuBF1wiRN8KRONgSoLozWEVNZTOMbmCRlTAWuzvhwP6hfJufUQRwU8UO1wpZfhej5omufgmMcmEE4Wvwgl1twwh+ZyzW9WYBGsdQuax5hcWOxIdBJiIY67VeY3Rdit5zgNKgO40fxd91xMS8Dtth8Ao/rppR7aiC8DmPiqItjLf+IxzTtGjLIXDARc787XUo1j1fjqmNuXRyxkujlYbPYTv8DYXHYuFojUd7ahk9XVPqXRWMYeDYEZtcS5x3HOw4i61e1/2jAnFT2erZ2xUebw2M2HXnC4i68XGcJMAmFK9KULZonxO3SMdHfiMQtcdo3+CiOoccbJJIpWBtdTt2BNzzobhzHAbrAYRe17Yeuym8jbgjrBHV61WmqOgqxlc18kTo4oo3x4nPDy5vOwtLw0Ys3ZdQb3LL5D2kBRWeHWasxzgLpF8EnZffOBGEwTEX+tQNHU9r1Dm/CG1U8cbXOALsUUbXtwnpix9a2dedNU4p4pKd7CaapbgDQbHYtBc1mVi0BzMxlwXM1w1XqhUOFLHjjnk2gcGjFG5w54L7cxpOd+qw4KU1WqYGjPgUdi8MFnHK78Qe51+AJHlYKJofmlgGHnqVhVqUDXp2h787OcLp+1pnOnGLye7p7xBEgqMS1u3no7PmlBrdux8jC0Njc6N4Y1251sJ3cDkAFK9UZ3CgLg3HO0zl7LgOdKJHuwk8Ceb4ELxFoeVh0axzcXwcPEhB5rbQ4W2vYkYrAZcFh0zqa50j5aSqlpXSHFI1hdgc7iea4WJ3nf4LcNe0yL/LUuepVoVGtpudAxmJwc8Qc0AiQZuGOgAlRSXSF3V42bmRvFPNNFmcDtpFtW26yXvvkON9ysDWerww/wAEzRS8yUtIsyJzTilPWAM+HeFq6u6oxU0MkbztXT32z3C2IEEYRncDM8b3JPdxank+lPxTK6YUpP8ACdd1m+iBiDSPDzWA17W4Y7tZ5rNSrZq1QAuzQ0iCQ45wDWtkAXg926cREkRfGaGUy/2SX7mPfcndgjmDvINsPBW/R1TJGB8bmvY7c5puDnY2PeCPBQnW7QpgZRupYDKIHPi2YaXYmytzLw0biQbnLpLoan6OrY8O32UUAa7BTxi9i44rveSTe5Pyje6zTlji2PkDTzS3Pp2imKwIH3Q2b73vdECTgWwTDcb175RNFbalLx04TtB9E5PHlY/VUN5NX2rWjrDh91x9ytmohD2uYdzgWnuIsVT2o92V0QO+5B8QR71eWR5dZqjNQ+dPNeTtbAy00njSY6D18lcyIiq1aoiIiIiIiItDTcloJT/pLftc33rfXC1ymw0r+2w8ru/KpKLc6o0bQo6zs2m52wqt9X57VUTv+Y0/eBKuVUTTPwuaRwIV4wShzWuG5wDh4i6tcsNhzHbCOR/aqciv7j27QeY/SyoiKmV0iIiIiIiIi8GQAgcTe3hvWvBUXe9psHNPm0gEH12WHSby10TuAcQfK/uKhrVhSpmocB7wt2sl2afl0rbgqGvxYTfC4sPY4bwvM84aWi4u42AO89dvUuNojTm0qqimwYTE4m974soyTa2X8RvErX0/z66jZ6IdL9+Mj8BUr5atqNMPdBN0E8gSpStOmqrtDnDBdxADsssZaw97uabdq52t2kTBTuLDaR5EbOJucyQPohy049JB1TFRP58kcbJ5XWGHG0XG7cQQHbuLVguvj5es9ieyDzpJjXcL+oG9SlFxNYNYI6Uwtc1z3zybNrWWLu11iRcAlo+sulTxNijDcRwMbbE91zYDe5x9q2UK2UWOKQOAc3MEAg9hFwsiIiIiIiIiIvEjw0EncASfDNU7q87/ADJn/UA9YHtVo6x1OzppHH0cPnkfVdVBq1NarhceMjSfF4JVnYGf0qh2R5FVVvf/AFaQ2z5hXmiIqxWqIiIiIiIiKHcpM9oGt9Ik+WEfmKmKr3lOn50bOwO8yf2hdlgbnWhq48oGLO5QYFXRq5Lipoj/AKA37PN9ypdguQOvJXRq9CWU0TTvw3+1zverHK5HZt3+iq8jA579w6rpoiKiXoEREREWjpSZ7Iy6OxLbOIduLQeeLjccN7doC3lytG6ZhqH1EcZu6nk2EoNt5Y19xnm3nEZ2za5YKyLio/pOtaJoK2F2KN52EljexFyB3lpcOronqUk0qQYsQzALXg9lxn5FQLSVJ8CnfTuOGjqs4ncIpAbt7sLrfVO/m2XW0RrBeE08kb8bbRCzSMzcObc2HMsTkeiw8RZc1annMew4OB54ey7ZDmMcMWmOBkjlfwWKlds9NH/3EEbj4Me13rhZ6l1JTj0q0fNwA/a2t/a1cTTz9nWaOm9MOiceoNlY8g+Beulo+o/zOpeGucBs4OaL2uIsz/pBLiSpmuNSlTccSBO9R0RmuqbAfZNYZmy10ERPxcDTUyngLc7neDR9tanJuwzPqtISCxnkLWX4MbYnPqyY3/tqO6Y0i50VXOAdrVzCiiFrOwZF4setgjb3uUg1keaShg0dT51EzRCLdR/iv7MTnEfWPUs075Kza3ZubSHhAHE949Y4L7qyDX18te7OCC8FMDuJ+U8eBJ+uOpSSSrZLK+nfGSxrQ9znAGNwvaxvwuD34XdRWlBTMpoIqGKTBI5tg4ZONudIR1OdzrcRe/Bb2j2E2bkWtaGvcBbG4bx9EG/rWtSu1jgDibhv9hidS56bQWk/PmgTr2SOsxwIuNxXtEUgwvWiIiLKIiIiKHcpdVhpg30ifVzT+NVZSyFr2uG8EEKwuVh+UI6w8+To1XC9Bk9g7AbZ9l5zKLia52R79V+hYZA5ocNzgHDuIusi4uqNXtKSF3ENwH6hw+wBdpUDm5pLdV3Jeia4PaHDTfzvRERYWUREREVW8pEt6m3ogD7oP5laSqLlAfesf4fgYPcrHJYmvOoH0VblU/0OI9U1K0SJ6gYhzG853cLZeJIHcSrdUF5L4xgldxu0fi/p5KdLTKNQvrkarlvk2kGWcEab0REXCu9F5c6y9Ly9t0ReA7NQbRGjqqmrw8U/xEplbPMJGnHt55qmJ2AZjYl2zud4mJ+SpzhPFaOlNJxU7WmUuuTZrWRvlee5kYLjvG4cQiLBrLohlZTuidk7pRu9F46J7uB7CVVX9pVTWOpzI5kkLy62QNxcHnb+u/WHE5q3tEaQjqImzQPD4nglrxxsSCLHMEEEEHcQVDOUnQZbauiAxMAbKPSG5rj1+iewjqWWkAgkTsWzXXETj86+UjSojV6Sc6nja5xxNn20ZNyRtGubKw9uMtd9Z3UpTpCtjignqoZnCWZ8crT3yZtH/bcR9S/BQ4lhyaTs389hO8OAtY9osQe49YXU0JgmpnwvuSwk4B0gA4usO03e3xWarc2I3jaCumyt7TOadI8wVu6JayWthLrinoon1by7O73uMmInvMdv+kVn0JWiapn0pPfZRDYwMyvicMmtz34T5yX4KNS6Uf8ABWRRNu+oexj3DIuEZuyLsBc/1LqQPDzFSwm8NOLYhukk3yTHsJvh6m2PGy3ZTznhg09P4XE+oGsNV+DRJ9uJuUw0JPNKXONsUjjmPki1nYT3WA8O1SqmYGNDQLALT0NSBkbbb879me7vXQLTn3rlLGvrurRsaNTde92JOqBoKxRe80m55vN543wNgFw4r0569ArG5hXoXv2KVbr2iIiIiIiKBcq0N4on+iXt+0A78hVZq5dfqTaUUnWwtePA2d90uVNK/wAmvmhGon3XnspsivOsD2Vp8ls5NO9h+S+4+sLflU2UE5KoyIpXdbmjyxfqFO1U2yO3fGtW9i/+dm5ERFzLqRERERU5ru7/ABkvf/T3K41S+uR/xkv0nficrPJX907vVVeVv7I3+hUn5K5v4zPou8rg+0KwVWfJZfbSdWA/iYrMUOUBFodw6KbJxmzN49SiIi4l3IiIiL4Sq81/0zSVVCXwVTCIqul+Midic123YMUYAJe4NLyMIdfCbA2Xd5QaOpmoZIqVm0e8sa+MPEZfEXjasDnEAXbcHMZEgZr5q7q7CCyqlo44KsRiKzXB4YBfoAXaw85w5vA2vZEX3k8pJoqGGOeJsRYC1kYFnCO/MMoufjSM3dp4G4UhqYWvaWPALXCxB3EFZkRFTentWRTSPjjeWtNpI2ycHXy2b23xDLMFoPNF7rRoGSRTMmGEMd8XJ8YzJ1t2/rAVl68aPbJBjI6Bz+icifA2PmoTouNzn/B3/wAw2aSbc75LgeDt3jZSNh7c3SPn7UjHOpOFQfCP15LmyaFqHukZCzJr9o1wfG0Bha4EE4ssnHPsUn1P1cLOk4F9xcMvYAZ5uIHYMr7rX6tyK4LS8AOF4ZB2i/uJUl0JTBoc4XsTZt99hlfxWWuDWEaSI4aVBb2l9UUwO6Tneo85jfBldNjABbx8Sbk+ayL4CvqiW6IiIiIiIiIiIi52nm3ppx/ypPwFUTKOce8+1XnrLJhpZT1tw/aIb71R0IxPHab+9XWS/sdvVJlY99o2FW/qBR7OjaeLyXfl/L61Jlq0FPs4mR+gxrfIWJW0qio/PcXayrimzMYG6gAiIi0W6IiIiKlNcv8A1k303e0q61TOvseGum7S1w8Y2n2kqzyWf6pGz1Cq8q/2hv8AQqTclkGUr/otHiST+EKwFFeTmDDSX9J5PkAPaCpUuS1uzq7zt6XLrsbM2gwbOt6IiLnXSiItaskcyN7msMjmtLmsaQHPIFw0FxABO7M2zRFsoq+ZrzVbOWc0cb4YGCScRzSiSNueNlpYGNMrA0l0ZLSAW77hWACiL6vLjZfbrxOeae5Fgrg611uARR/Ovwnuth/E5vkoTUUm9t7Oa7mEb2neB6jbuXV1we6SaLCDiAaGt63Bz8x3nCsemxhnbfISMI3/ACoznn3FnkVyVHOpWhp1g/8Am/oSeCtKLGPotZ+Qnjf/AAvVXXmQF5aA/C0vI3Ocz+ZbgbZW7VMtHTXp2Eki4tcdhIv6t6iHwazy3fduNh9IEG3icwR1jtCk2hXk0wba7cNmnrFyOcP/AC67pBwVXUkXHV89l2WbhbqXtfAvq0WURERERERERERFGuUCowUbv9RDfJrnflVUaGI28d92LPzVncpd/ggI3CQX7ix49pCqZjrEFXuTmzQO0lUOUnRXB1AFfodFpaKqtrDHJ6bGuPfbMed1uqiIIuKvpm8IiIiIiIiIqr5UoLVLH8HRt8w5wPqwq1FXXKywXgPG0g+9H/VduTzFoG2ei4soibOdkdQpByfPBoo7cC4Hzv71JVXvJVX5SwHh8Y31Nd+VWEorWwsrOG2ed6ksbw6gw7AOVyIiLnXSiIiIuRpXQMFRnIHAkBrnMc6MvaLjZy4SNoyznc11xmbLW19v/ZtaWkgilncCDYi0bjcHwUgWGaJr2lrwHNcC1zSLggixBHEEIiiOpkMcc80TaOCne0G8jWRwyygvxN+KYXHZhjmc4vNzva05CV1wds34elYkd616PQ1NC4vhp4Y3uvieyNjHG+/E4C5vYb10UWDeq7o9K00tRGZ3vjkhJIaRdpwnF0sNwBbc61s8yt7T2izUlpjlibglMgc54thcOcLC5ve2+yk1boqKW+JrSTlmL5dV9/rXPqNXI3Agxggixs4jLxSpTp1HBxuIM+nRYbVqsAaMB5Xz1XGbCBCWVEkcb43kwuxhxIObhhaSbG1+u57FL6ZhLG4ji5ozta+W8j3Lkt1YhJu6Mb75vcfUCF24og0AdQt/+LIa1rQGlbPqPqvL3ACdSyoiLCIiIiIiIiIiIiLk6y0G3ppYhvLbj6Tec31hUYv0SqJ1lptnUzMG4Pdbuxut6lb5Kf8AcziqfK1P7X8PUeqs7k6qC6iaD8hzmex35lKFGeT6mwUbT6bnO9jfyqTKutEdq6NZVlZp7Fk6giIihUyIiIiKv+VaBxZBIBzWl7Hd7sLm/hcrAWppCiZNG6OQXY4WI9hHUQpqFXsqgfqUNopdrSLNf8qsOTJ9qy197XDvyv7vUraVVaV1Kqad+0p/jGg3bhHOHVcb79o9S8xa61sXNezFbI3vfxvdWFoofUu7Sk4G7DAqus9f6VnZ1mkX46Fa6KsmcpMo6UI+1/tWwzlL64T5g+8LlOT7QPD5hdIyjZz4vIqxUUBZykxcY3er9yzM5RoDvY/y/QrU2Kv+JW/11n/MKcIofHr9Tn5En2T7gs8eu9MfSHg79q1NkrjwFbi10D4xzUpRRj++1Lxc77D/ANqwS6/0Y+U4/Ud7wFj6Wt+B5J9XQ/McwpcigdRykwjoRvd34QPb7lyqjlKmPQia36Ti72Ae1StsFoPhjeonZQs7fFyvVooqcm12rn7ngfRZf23WJus1f8477AHuUwyZV0kfOChOVaWgHy91dCKooNaq/gQ7vv7iulFrVpH5kH/zxUbrBUGlvNSNyhTdoPIqy0Vds1l0k/oU4+y534V6J0zLwDB2NaP/ALDdR/SEfc5o/wCh6SpPqwftY4/8n1hT9zwN5CwOr4gbF4uoDLqjpGX+JUHuL7DybcLVPJrUfOR/ad+1biz0PFVHALU2iv4aR4kBWS2sjPy2+dlkE7Duc3zCq/8AuDWN6Lx9VwHvCxu1Y0m3cZPCQe56z9LROFUcblr9VXGNI8L1aM9UxjS9zmhoFySRbzVH6w1wnqJJG9Ek27czn4kldSo1Y0g/ptkf9Iud7V0NCagzucDP8W0G53E/VAvn327iuuzihZpeXgnZ8vXFaXV7VDBTIG2euCneqTLUcIPok+biV2VighaxrWNFmtAaB1ACwWVVDnZzidaumjNaBqCIiLVbIiIiIiIiIsFRSRv6bGv+k0O9qzoiLkS6uUrt8LfC7fYQsH90aL5n78n7l3kW4qvHiPMqM0mHFo5BcJuqNEP5P35P3LMzVqkG6EeJcfaV10Q1HnxHmVkUmDwjkFoR6Hp27oYh9Rv6Lbjha3otA7gAsiLTHFbi7Ba01DE/pxsd9JrT7QtGbVyldvhb4Xb7CF10WQ4twMLUtDsRKjr9TaI/yiPrOPtK+N1Noh/LJ+s4exSNFJ21X8jzKj+npfg3kFyYdXaVu6Bh+ld/4rrci0fC3oxRjuY0e5bSKMknFShoGAXwC25fURYWZREREREREREREREREREREREREREREREREREREREREREREREREREREREREREREREREREREREREREREREREREREREREX//2Q==', 'Back-to-School'),
    (7, current_date, 'Fall in love with our fall fashion collection', 'https://thumbs.dreamstime.com/b/new-collection-banner-autumn-fall-leaves-colorful-seasonal-rowan-acorns-shopping-discount-promotion-128357091.jpg', 'Fall Collection'),
    (8, current_date, 'Shop our holiday gift guide', 'https://encrypted-tbn0.gstatic.com/images?q=tbn:ANd9GcS1fKdHV-51JT9qchdVc-l0BYuGfK2BJSfiFw&usqp=CAU', 'Holiday Gift Guide'),
    (9, current_date, 'New year, new you! Shop our activewear collection', 'data:image/jpeg;base64,/9j/4AAQSkZJRgABAQAAAQABAAD/2wCEAAoHCBIREhgRERIREREREhISEhIYGBgSEhIRGRgZGhgYGBgcIS4lHB4rIxgZJjgmKy80NTY1HCQ7QDs0PzA0NTEBDAwMEA8PGBESGjUhISE0NDQxMTExNDQxNTE0NDQ0NDQxNDE0NDQ0NDQ7MTE0NDQxNDExNDQxMTE0NDQ0MTQxMf/AABEIANcA6wMBIgACEQEDEQH/xAAcAAACAgMBAQAAAAAAAAAAAAAAAQIDBAYHBQj/xABEEAACAQMCAwYCBwUFBgcAAAABAgMABBESIQUxQQYTIlFhcYGRBxQyQmKhsSNScoLwQ8HC0eEkM5KistIVJWNzdJPx/8QAGAEBAQEBAQAAAAAAAAAAAAAAAAECAwT/xAAhEQEBAQEAAgICAwEAAAAAAAAAAQIRAzESIQRBE2GBQv/aAAwDAQACEQMRAD8AzUWslFqKJWQiVAItXKtNFq1FoBVqxVpqtWqtBELUgKkFqQFAgKkBUgKYFAgKeKkBVVzOkaM7kKqgsSTgAAZJ+QNZEZ50jGZHVBnALMFBPkM9dj8q1C87eRrMyRwNNEjMGkV1LHTkEohwCMj97JXetQ7W9rZLiRu5d44TGqIoOhipwzEkeLcgZGeQUHlWoRsSdhnHLyJO9OtcdkXt5aFdSlgzDCB/BHrONmcZC4zud+Rxk1qPEu2YeVgo+sHOlZWZ44UXYZjjU+efETnlzrRppcjB6UoTnfG3pzocda7JdoDO/dmUswRNSyBBrckhjG6gHHLIYZ32rc0bOehU4PXoD+hFcC4ddNHIrq2llYFW2JBHofQsMV17spxpJkKOzd73h3YEF1IBQ50gZwMchnTtUl++LrP12NgZaqZayStVstbc1AWrFWpBasRKBKtWhKkq1aFoKgtAFXYoxQVYoqzFPFBWM+tS38zU9NPTQauiVeq1FFrIRaKEWrlWoqKtUVkCirFFCipqKAAqQFAFSAoEBUgKkBUgK0IHYZOwG5PkK5T287RrdMsdvJqgRSzsMhHk8Q/mGMY9a3rtddMkBRNJ1Dxg/ZKt4QHIIwm5Y/hRs7ZrjfaK4dSbZip7tySVXTv4mxz83Y+5rF+7xuTk68aaQNnoBnA/1qUYIHLBHTfkfXzqoDkOpIPwzWRbE6iFDbBsA7sM8/696t9LPZ29oZCTtjO/PnV5te7bI6Y54wQemD/W1Ztq+gBVG53C8ifhjJ+VXxXkbP3bgZfCFhlgwJ+ySV5Z6j86xbr/AB1mcyfd+3lyQMulmUoGXKepHMj0rffo2vF73u3Vtcgdo25xgqMsvocA49AR1NadxLQGAUFSC4CAeFQCAAOW+xPx9MnaPo5iCXCSHWQe8iI5LHI24+BGB7kb7YpL6rGpJ2OqsKrZauIqBFdXBUBVqLSAqxBQSUVMUsU6ANBp4pEUUhTzUQalQSzmnUKlmg8FVq1BUVWrlFZDUVYopKKsUUDUVICgCpgUABUgKYFSAoACmRTApgVoab2+k7q3ZgAcqzFS2EDMFjRipOHIyRpOc6gcYU44veIxfxHLszFvMuTuT8a6f9JN8XKeBo1UMqlgNUgZgGZG3VAB97nudvLmV44d3f1Yjcnctyyck42rE9un6YgGQx22AHLmM/rWVEp1b5+zkHcdOY86rgj1KRjJwWzyxg7n1x5VmWyAaTnwkFSOuRjr5b5//KarWY96EtJGujKsrKwKkhgQeYI3HwrG4ZwJ0dWlTQoy6qdy5HLAH3QcEn0x129Pg7aHXT1+Ve3PdrO2DESYyVLF1jOjOWGkNqYHHlmvPN2dken+OXlv6ahccMJuWiXACp3gXfKxhVZdWB4fCy/Mcs7b72A4TJFCkrAqZCJFBAwUJKEEdMgAgjpj1FaJbXJkvHkcFJJ2AjU+DunZtMYZWxqQKuD0OQDtmu28OsY4owIwAulQMEuNIHhwx3IxyrtJ6eXd9/2yCKgRVpFRIrq4qwKsWogVMUExSoFFA81Emg0hRTAp4oFOgBUqWKVB5SrVirSUVaorIairFFJRU1FAAVMCgCrAKBAUwKYFMCgAKxr+5WNcnJJGyglfckjpWUSAMkgDzNePc/t2LDOgbL6gAc/TxA/GlqyOY9so5biQ4yUQqAgAAjB+6Dzx4c4JOM+uK1y34SRvL4UUHLHAUnGSCeeds712AcIAB1ANk75HP3H9c65V284sJJzbxYEUHgJGPE45j2B2x5jNZzK6Wx5kxVnYwgaBqVeQBwB4snH9EedTt4dWBvgcvbmT5Dn+tX8L4cxXSwAPhxkZHPr755V7FxwV4VVV3dyPzG3tXLe5Lx3x47Z2x5k941uoZPFgjY8v9KvHa53Qp3cahgVZ/tORjlnArO4zwMQ2rSSvuSqIg5s7ep54Go/y1jdjeFJIXLAMqMnMA7kH09PypPj8Lqz0uvl85mX26PYcYtryONe7hnSUKjxsASNsNtjYgDp51sttYIiAoxdM5QncopOdI9N8Z61ybj9olmyXdsTHJGytgHCvjmGA55G1de7Ntm2TIOGRWwfJhnHM+dbxqX7cfJm5+jIqBFZE8RU+h5GqTXRwVipgUhTFaRIUClTFFBqGKsxUcUAKKKdACp4pYqVB5yirFFAFSArIYFTUUAVMCgYFMkAZJAABJJ2AA5kmoTSoiM7sqIilndjpVVG5JJ5CuN9t+2z3pNvblktAd/uvcEdXHRPJPid8BbB0xe1/DS/d/XINWcZ1Hu8/x40fnXvIQQCCCCMgjcEeYPWvmMGtj7KdrZ+HOApMlsT+0tyfDg82TP2H67bHr6ODu1zHrjZeWVbB5YONj8DisGzTSiZ3OkEnlknGT+VObiKS26SwtrS57vQ3IlH3O3Q4yCOm9WN4cDkFLAewbBH5Cs323n017trxkWdo8ikB2/Zw/wAbbD5DLewrhKxlvESSTk5O5J8zXRvpV4gCILUfdzK5/Fp0qPkzH4itCRhWs+kreeC39tMF8aRybZRiEOoc8Z+0PavVv+JWsYHeTR5UZ06gzH2Vck1zFkB50goXkK438fPe9eifk6k9Pd49xprthgFYkzoU82Y7FmHQ42A6DPnXtfR/IA88Zx4kjkUdcIzKx/51rS0Br3ezN13N1G2cK57l/Z/CPhq0H4VveJ/HcxjG7fJNae52yZXaGHq8g1Dn4c77e2a6xwABYUHLKqcbDAx5CuQcOH/iHFcgExWwx/EVbG3uSR7DNdmtkAwvRRlvQDp/XpXPx5+OZ1rzamtfTJvCNPudqwSKyZ2B5HcEgjyPvWOwrvPTz1DFMUGmBVZGKlWEsjgF2bKCSQMuANKK7LqB57YBPpn0prI/eDxeEymPTgchGWznnnIorMFLFYcUkhVDqdmePXhVTA2XP2iP3hUW77OnUVyJNBZUJJATSDpJHMv64FBmmisP6wzAyKcIgjJUgElSqu5z/C2w8xU0dy48WxeQFMDZEJXOeedWn50GXUsVFRVumgwgKmBTAqQFAAUwKBWndv8AteLGPuIGBu5F2PPuEP3z+I/dHxOwwQ1v6VO0wdxw+FsrGwa5I5NIN1jz1C8z+LT1U1zfNNmJJJJJJJJO5JPMk9TQBVElozQxwM1ANmg6Z9GfFS8f1VyStvKZYx+GQEFfYMCfd66LfyaWA9Gb47H9cn4VxLsDd93fIM4EiOh8sga1+ZQD+auvXUheUr1ESn3Jb/LNctfVbz6cd7fys947HlsR7fZ/w1rkclbX21jLzsowGVUU56c2P61rMPD2Y4BUn3x/dWs6nPtbm9+ofeVEPWceDXAGRE7DzTEmf+HJrDltGQ4bUjfuupRvka1NS+r1Lmz3OLEeslJSo1jYp4gfIjcVhrGw54+Fevwex7+VIznRqVpCBkhFIJwOpJ0qB1LClSOjfRlw0xW4lZfHIWbJ+07H/CBj47dd+jQpoTc5J3J8/wCj/fXmcKtQijw6SFVVUfdXOwz1JOcn1J8q9ORuQ8hv5ZrnJ2raqIqBFWGoGtMKzQKbUhWh54QnSV2ZXumXoNQl5H0IJHxogVFMYUnDSswU41L+zcacfhxj4VmC3UEsiIrsG8ekZyd98bnfBrkvars3HaIi99LdcZurlZIpF1JJp89IYgDI2bnnlsDgOnxoWji8OVEQydCyEHSmBuNuvyqaBVRdOf2cu+VC7ud9gMYAkz8K1PtpITGnDoFi+t3ELPcShVxDbouZHyBsXIIHx5ZFY3Ye9S14DJcMEPd/WX0nGHf7KBvPJ0rQbiIAjKmSY01BwT9pZmZVUjyUhR7Vk2sOlgmov3UaR6jjUWO7lsdThCfetR4Z2GsTYwNfRkvHA0sshdoypfMj6ypGdOcZPRaxvoo4Wg+sX8aGKKeRobWMkkrAjEkkknJJ0j3RvOg6GBVmajinQUYpgVIVVe3aQRvNKwSOJGkdueFHPbqegHU4FB4fbHtInDbcv4WnfK28Z+845sw/dXIJ9wOtcFu7p5pGlkdnkkYu7nmzHr/p0r0O0/HZOIXL3EmVU+CKPpHECdK+++SepJryKsDFTWoCrBQV3DYA96rRqnfROjlHUo6bMp2KnngjzqlKDPtbgxSJKoyY5I5AOWdJDY/LFdu4XcK7vLnw92jKfw4P/dXDF5D+v651703aV1tFtoyyuyqkj5xiNMqqg+ZGN+nx2zrPeNZvOsfjfFlluZHVdStITqzzxtsPhULC7iDZcsv8pP8A05rxkarAal8cs41ny6l66BwnidpqH+0Rr6MSg+bYrbhpdd9MiHkdnQj8wa4kKzbC+lgOqCV4znJCnwk/iU+FviK438af813z+V+tR1d+z9m/27aLJ6qvdn5pis3s/wBlreGTvYkYHGlULM655lt99vf89xrnZXtcLhlt51CTNkIy/YkbGdOOat+R9DgHosI7mPw+J3AAH4jyH51jOd51Zqr5NY1Jcz2L+8Eas4P2MInLxzttn2UfoRWZFMGjWRiAGRWJJwASN9/etJ4nxBXcIjakjYoG6O+fG/xbl6AVmdpn1cDnP/pOPlLW/Hvu7HPyeP44mm2qwIyCCDyI3B+NUPcoDgyRgjYgsoIPzryuwo/8stf/AI6f31yy2gtH4jxD61YXd9i8l0C3WRu7/ayatehl57Yz+6a9Dzu061I1BlK7nVkFcDnvyqMMqSDMbo4HMqwYD5VzPtTBGRwvhkKSWtldSB5IGLCQB3VtD6iTqBd9iTuR5Csvh1vwy24tGtnNNbShntpLXu5GinYalP7RjsNgc7jKg1ODoU0yIMu6JnOnWwUE/GucWPZnjEFw98ZeGSzyjeWRpGCL5JhQFGMD2GPPOLw63tr+84ldcTV5YrJ1iSMF8Rxl5EGlUOcgIOXVmOM1lcP+rLwa/itbqW6hjViqyI0Zg1D7A1HcbZ2xvk9ao2DiXZGzvEFxdpE148CK8iyusTTKgXKAMMqGHlnFeBZ9iJLa1itGWMtc3kb38ivlGtYSzIoV9JJJbHhX3rxe0kBfgvC0BAMkhQE8gW1DJ+dT4txiS4Wwgudr2x4gLe5U/aYq0YR/UMBz6lSeoqjonbiynuLN4LeSCFpmVJHlcxoIubAEKdzgDHkTXq8FsY7e2igiIaOKNUVhgh8Ddttsk5J9Sa5/f28fEOPXEN6Ge1sLQyJECwGwiLEhTkkmQnbnhR0r0vo7Fkk9zHYXMzxOFk+qyRui2++Mq7ncnOOWSAM5xUG+EU8UYp0GMGrk30sdpu8ccPibwRMGuCD9qX7qeoXOT+Ijqtbn2x481jaPMilpCQkexKo7bB3PIAc9+ZwOtcEdyxLMSzMSWYnLFjuST1JpAqdAp1Q1Fbt9HXZNr2YXEq/7JA+TkbTyjcIPNQcFvl12u7Gdg/rIW5vSyQNho4QdMkq/vMfuIfTxH02J6/aNHEixxoqRooVEUaVVfICpaODfSXbGPidxkYDlJAfMOikn/i1D4Vqgrqn0y8P1NDeIPum3k9CCXjP5uM+i1ys0gyUbb23/AK/Km1Uxtv8AlU2baqEEp0lbapGgYNTWqwasSg2z6P7dXv0dsYhR5sHlqUBVJ9mZT7gV2ywgMjCVx4V3jB6nqxH6Vz76HeCq6TXbjIDiCNfPSFdyfMeKMe6muqgVizumu8jkj2xhlkhP9nM4X+HO35YNbhJwtrvhT2qMqNOjqGbOlf2hO+N+leZ20te7u1lGyzIM/wDuJ4T/AMuitk7LyarYD9x3X54b/FXm8c+Plseny3vhl/tr3AuA8XtBDCb21a1haNWjEXjaFWBZQ5XOSMjNYdv2Q4lbXVzcWl3bRi8neVlaMuQpd3QbjmNR5V0QiokV6uvI0rjXZOe9t4DPcqvELWR5I7lFxHkvqA0bdFj36FeuTmqz7KXst7De8Qu4ZGtQRGkUekNz+0SBjc55H4Vu5FY95eRQLrmkSNCwUFjjLHJAHmdicDyNUanddkruC7lvOGXUcBuvFPFKmuMvkkspAPUk4xsSd8HFR4Z2Ikhsbu2e4WW44gSzyadEaufQbnck9Om1bTHxi1eRYluImkkCNGgcEuHXWhXo2V3GOYqKcctGV3W5hZYygdg4IUu2lPfUQQMcyCBQatfdh5ZLOytRNEHsZBI7kNpcAk4XbPzrF7Tdm7a9v4L6C6t43D25lQn/AHpEuiMrgfaYqyb/ALg9a3VON2jFFW5hJmCmIB1PeBiVTHuVYDzIIG4rUeH8GtUvRcpfxuI72V2hBBGJnbuIcg/dmaUg9SxHMUFfGbKN79L/AIdxCC3u5o1VkZS8dxGQoVhgH7ujoRsp2PPN7F8GMVzNdz3sV1dXsMcpWNdCCFm8DjzU6cDYfZPOreGQW8DWsZu43e2tLiyCgHMjl4kZgOgVo9JHmedHY2wto3D212lz3djbW0gDu51IznvF1sdCNkgKMAaTig240qCaM0Rh29uMEHDagdSMOYPMEHmPcVpXaP6Mra4y9oRaSnfRgm3c/wAPNP5dvSt6OVGGGtPP7w9duf61LJAyp7xPI/aHs3+fzor5w452furB9FzEyAkhJB4opP4HGxO2cbEdQK2bsN2PM2m7uk/YghoYiP8AfEcnYfuDoPve32uv3sMdxGY5ESWJ/tI6hhkHqD1B60ygxgAYAwByAFS0eY0lVNN61nTWgbltWBcWLjlvUV5nG4VuoHgc+GRcA89LjdW+BAPwriF5bNG7RuNLoxVh5MP7vWu0X+tBupHwrnPauNXfvAMPjDfiA5Z9R+nsKuaVqmasZsj12z/nVTUhWkXKd8VcBUbeHqdqydIoK1jFWKmKkBUgaDtn0Stq4YAp8SXE6t/EdLj/AJXX5VuvekfaGPXmK0H6G8/UpvL64+P/AKYa6BWb7V4Ha+1763DR+KSJw6gbnSRhtvkf5a8zsvxiOFGjkJUOQytgsA3Ig45baTWy3tiJFIBZCfvLsa1NuzF1E5KMk6McnPgcH9D8647zflNZ9u/j1m5udem629wkg1RurgHBIOd6mRWrcGtmhm0OskbN/aAZR/wnP+vwrajXTNtn25bzM36vVbCvN4rw+SVoZIpESW2laRNamSNtUbxsGCsp5OSCDzFemajW2Gsr2Vbv1nafUVeBmjVTHC/d27RMRGraVbU2tTvpxjfnVUXZOQJpeaJylva2kP7N0Hc27s6s5WTUJDkYdSukrkc8VtlI0GntwwwSQPNfRrJEkTSOyukksaz4Kt49LoWmRAXDMpOoHU1UQcCj0JCbyJj9XksbAqmltcMok1uCxDujwpnTgeBv3tvY7T9mlvzHqkMYjWZHwMl0kVSoznYq6RuD+GsFuyMh7hvrRD2kcQjIjXS84lEs7vnxAOyqMKRsCDkHFBjQ2cMMtqy3tvqjjaFgzOhnm+sgzSYR1G8updL6l1Njer+xlhDbO0cd0ty6W0MLg6y8fds5IXUToQ94Do6E55Ha49mJAUMdwiMkszlwja9Ely05XIcBlKsVKuGGfEMGvZsrExzXEpbULqSOQLjGnRCkeCev2M/GgzqVBqNEVIcbrgr1Xp/oai5A3Q4zsy8sevofWos2+QrA9dO4PuDSznep1TUfnufU06Qp4qKWKCKeKKCiRAeYBrxuJ8CtZQe8hQnzA0n5ivbdwK829uRig5b2m7J28eXiMifhJ1r+e/51pn1UK25zjp6+tbx2t4+pJiiYO/JnG6x+gPVv0rS81qIlS1UiaiOdUXZoFRFe32X4DJxC5WBMqmzTSD+zi6nf7x5KPP0BwHXvoutDHwyMsMGZ5ZvdS2lT8VRT8a3Cse2hSNFjRQkcaLGijkqKAFA9gBV9YU6KWaKIKRozSJrQVKnSzQLNFFBoCikDTxRCooNFAiKhU80qDAScuTyCKMD1Pv5c/lUlqJIUYHIdfM1NKy1UhRSNItQLNVTzhQWYhVUZLE4AHmSeVeJ2p7Tw2EeX/aSuD3cQOGfHUn7q+vyzXHuO9pLm9bM0ngzlYl8MSeXh+8fU5PtVkHQ+Odv7aPKwZuXG2VOmIH+Mjxfyg1ofFu091dZDyd2h/s0ygI9TzPxOPSvCzRmrxDJoqNSqhE1JFpKua9fgnB5buURRLqY7sT9iNOrOeg/XkN6CXAuBzXsoihXyLyH7EafvN+eBzPzI7p2b4HDYwiKEfikkONcj9WY/oOQG1VdnuDRWcIhjH4pHI8Uj9Wb+4dBgV7S1m1VgNTzVYp1ESzRmo0VoPNKiigKKKKAoNFFAlp0qKIKKKKBYoxRSzQeF3pdhjzH9e1ehyrEt4wm53b8h7VJ5qxO/turmkArxO0XaOKyiMkhyxBEcYPjkfyHkPM9K8TtZ2zjtAY49Mtzj7HNI/VyP+nn7VyW/4hJcyGWZ2kdubHy6KByVR5CtSMrOK8RkupWnmbU7nfyUdFUdFHIf51iCoZp5rYnmioipqKgYFSVaarW6diuyBuyJ5wy2qnYbhp2HMKeiDq3wHUh0ef2X7KTXx1L+zgBw8zDI25qg++3TyHU9D1/gnBobOPuoE0jOXY7vI37zt1P5DoBWZbwqihEVURAFVFAVVUcgAOQrJjSs96qcSVkAUlWpVEOlRSrQdFFFAUUUUBQaKRoDNOlRRDopE0CgKKKKBVHFSNKg8CW4ABJIAAySeQHmTXOO1nbvOYbJtuT3H90f/d8vOtc7TdrZbwlFzHb52QHxP6uevty961stmkipu5JySSSckncknmSaWahmmK0idMCoqKtUUDUVYq0RxliAoLMxACgEsxPIADmfSuj9lOwmMTXyg8iltzHvL5/wD4+VS1Xm9i+xzXRFxcApajdF3DT+3UL+Lr08663BCFAVQFVQFVQMKqjYAAchUYx0HIbAcgKzIkrPtQkVXomKBUqiAU6VFaDpUUUDopZp0CoFFFA6RoNFAAUUZozRBiiiigKiWqRqtqCeaVVq1T1UHyoYW8vzFHct5fmKKKqjuW8vzFSELeX6UUVRasTeX6V6vBOBTXkmiJV2GXZmAVF8z1PsAaKKlHVezfZeCyAZR3k7AAzMB8kX7o/PzJrY1FFFYF8QrMSiigsFToorQM0tVOigRagGiigM0A06KIRagGiiinmo6qKKIA1GaKKCWaWaKKAzVTtRRQVaqfeUUUH/2Q==', 'Activewear Collection'),
    (10,current_date,  'Find the perfect Valentines Day gift', 'https://www.hindustantimes.com/ht-img/img/2023/02/13/1600x900/valentines_day_2023_1676267034832_1676267046643_1676267046643.jpg', 'Valentines Day Gifts');


INSERT INTO users_friends(user_id, friends_id)
VALUES
    (1, 2),
    (1, 3),
    (1, 4),
    (2, 3),
    (2, 4),
    (2, 5),
    (3, 4),
    (3, 5),
    (3, 6);

INSERT INTO users_requests_for_friends(user_id, requests_for_friends_id)
VALUES
    (1, 6),
    (1, 7),
    (1, 8);


INSERT INTO reserves (id, is_anonymous, charity_id, user_id, wish_id)
VALUES
    (1, false, 9, 7, 7),
    (2, false, 2, 8, 8),
    (3, false, 3, 9, 9);

INSERT INTO complaints (id, complaint, seen, user_id)
VALUES
    (1, 'мага жаккан жок', false, 2),
    (2, 'Буга КР каршы', true, 3);


INSERT INTO wishes_complaints(wish_id, complaints_id)
values (1,2);


INSERT INTO charities_complaints(charity_id, complaints_id)
VALUES
    (1,2);


INSERT INTO notifications(id, created_at, message, seen, type, charity_id, from_whom_user_id, reserve_id, wish_id)
VALUES
    (3, '2023-04-14', 'У вас новое уведомление', false, 'ADD_GIFT_TO_WISH_LIST', 2, 2, 2, 2),
    (4, '2023-04-14 12:48:27', 'Вы получили новое сообщение', false, 'ADD_GIFT_TO_WISH_LIST', null, 3, 2, 3),
    (5, '2023-04-14 12:49:27', 'Вы получили новый запрос на добавление в друзья', false, 'ADD_GIFT_TO_WISH_LIST', null, 4, 2, 4);